--
-- PostgreSQL database dump
--

-- Dumped from database version 14.15 (Ubuntu 14.15-0ubuntu0.22.04.1)
-- Dumped by pg_dump version 14.15 (Ubuntu 14.15-0ubuntu0.22.04.1)

SET statement_timeout = 0;
SET lock_timeout = 0;
SET idle_in_transaction_session_timeout = 0;
SET client_encoding = 'UTF8';
SET standard_conforming_strings = on;
SELECT pg_catalog.set_config('search_path', '', false);
SET check_function_bodies = false;
SET xmloption = content;
SET client_min_messages = warning;
SET row_security = off;

SET default_tablespace = '';

SET default_table_access_method = heap;

--
-- Name: alembic_version; Type: TABLE; Schema: public; Owner: karimi
--

CREATE TABLE public.alembic_version (
    version_num character varying(32) NOT NULL
);


ALTER TABLE public.alembic_version OWNER TO karimi;

--
-- Name: customers; Type: TABLE; Schema: public; Owner: karimi
--

CREATE TABLE public.customers (
    id integer NOT NULL,
    name character varying,
    email character varying,
    password character varying
);


ALTER TABLE public.customers OWNER TO karimi;

--
-- Name: customers_id_seq; Type: SEQUENCE; Schema: public; Owner: karimi
--

CREATE SEQUENCE public.customers_id_seq
    AS integer
    START WITH 1
    INCREMENT BY 1
    NO MINVALUE
    NO MAXVALUE
    CACHE 1;


ALTER TABLE public.customers_id_seq OWNER TO karimi;

--
-- Name: customers_id_seq; Type: SEQUENCE OWNED BY; Schema: public; Owner: karimi
--

ALTER SEQUENCE public.customers_id_seq OWNED BY public.customers.id;


--
-- Name: foods; Type: TABLE; Schema: public; Owner: karimi
--

CREATE TABLE public.foods (
    id integer NOT NULL,
    name character varying NOT NULL,
    price double precision NOT NULL,
    waiting_time character varying NOT NULL,
    category character varying,
    outlet_id integer NOT NULL,
    photo_url character varying NOT NULL
);


ALTER TABLE public.foods OWNER TO karimi;

--
-- Name: foods_id_seq; Type: SEQUENCE; Schema: public; Owner: karimi
--

CREATE SEQUENCE public.foods_id_seq
    AS integer
    START WITH 1
    INCREMENT BY 1
    NO MINVALUE
    NO MAXVALUE
    CACHE 1;


ALTER TABLE public.foods_id_seq OWNER TO karimi;

--
-- Name: foods_id_seq; Type: SEQUENCE OWNED BY; Schema: public; Owner: karimi
--

ALTER SEQUENCE public.foods_id_seq OWNED BY public.foods.id;


--
-- Name: order_items; Type: TABLE; Schema: public; Owner: karimi
--

CREATE TABLE public.order_items (
    id integer NOT NULL,
    order_id integer NOT NULL,
    outlet_id integer NOT NULL,
    food_id integer NOT NULL,
    quantity integer NOT NULL,
    total_price double precision NOT NULL,
    tablereservation_id integer NOT NULL
);


ALTER TABLE public.order_items OWNER TO karimi;

--
-- Name: order_items_id_seq; Type: SEQUENCE; Schema: public; Owner: karimi
--

CREATE SEQUENCE public.order_items_id_seq
    AS integer
    START WITH 1
    INCREMENT BY 1
    NO MINVALUE
    NO MAXVALUE
    CACHE 1;


ALTER TABLE public.order_items_id_seq OWNER TO karimi;

--
-- Name: order_items_id_seq; Type: SEQUENCE OWNED BY; Schema: public; Owner: karimi
--

ALTER SEQUENCE public.order_items_id_seq OWNED BY public.order_items.id;


--
-- Name: orders; Type: TABLE; Schema: public; Owner: karimi
--

CREATE TABLE public.orders (
    id integer NOT NULL,
    customer_id integer NOT NULL,
    status character varying,
    datetime timestamp without time zone NOT NULL,
    total double precision NOT NULL,
    tablereservation_id integer NOT NULL
);


ALTER TABLE public.orders OWNER TO karimi;

--
-- Name: orders_id_seq; Type: SEQUENCE; Schema: public; Owner: karimi
--

CREATE SEQUENCE public.orders_id_seq
    AS integer
    START WITH 1
    INCREMENT BY 1
    NO MINVALUE
    NO MAXVALUE
    CACHE 1;


ALTER TABLE public.orders_id_seq OWNER TO karimi;

--
-- Name: orders_id_seq; Type: SEQUENCE OWNED BY; Schema: public; Owner: karimi
--

ALTER SEQUENCE public.orders_id_seq OWNED BY public.orders.id;


--
-- Name: outlets; Type: TABLE; Schema: public; Owner: karimi
--

CREATE TABLE public.outlets (
    id integer NOT NULL,
    name character varying NOT NULL,
    photo_url character varying NOT NULL,
    owner_id integer NOT NULL,
    description character varying NOT NULL
);


ALTER TABLE public.outlets OWNER TO karimi;

--
-- Name: outlets_id_seq; Type: SEQUENCE; Schema: public; Owner: karimi
--

CREATE SEQUENCE public.outlets_id_seq
    AS integer
    START WITH 1
    INCREMENT BY 1
    NO MINVALUE
    NO MAXVALUE
    CACHE 1;


ALTER TABLE public.outlets_id_seq OWNER TO karimi;

--
-- Name: outlets_id_seq; Type: SEQUENCE OWNED BY; Schema: public; Owner: karimi
--

ALTER SEQUENCE public.outlets_id_seq OWNED BY public.outlets.id;


--
-- Name: owners; Type: TABLE; Schema: public; Owner: karimi
--

CREATE TABLE public.owners (
    id integer NOT NULL,
    name character varying NOT NULL,
    email character varying NOT NULL,
    password character varying NOT NULL
);


ALTER TABLE public.owners OWNER TO karimi;

--
-- Name: owners_id_seq; Type: SEQUENCE; Schema: public; Owner: karimi
--

CREATE SEQUENCE public.owners_id_seq
    AS integer
    START WITH 1
    INCREMENT BY 1
    NO MINVALUE
    NO MAXVALUE
    CACHE 1;


ALTER TABLE public.owners_id_seq OWNER TO karimi;

--
-- Name: owners_id_seq; Type: SEQUENCE OWNED BY; Schema: public; Owner: karimi
--

ALTER SEQUENCE public.owners_id_seq OWNED BY public.owners.id;


--
-- Name: table_reservations; Type: TABLE; Schema: public; Owner: karimi
--

CREATE TABLE public.table_reservations (
    id integer NOT NULL,
    table_name character varying NOT NULL
);


ALTER TABLE public.table_reservations OWNER TO karimi;

--
-- Name: table_reservations_id_seq; Type: SEQUENCE; Schema: public; Owner: karimi
--

CREATE SEQUENCE public.table_reservations_id_seq
    AS integer
    START WITH 1
    INCREMENT BY 1
    NO MINVALUE
    NO MAXVALUE
    CACHE 1;


ALTER TABLE public.table_reservations_id_seq OWNER TO karimi;

--
-- Name: table_reservations_id_seq; Type: SEQUENCE OWNED BY; Schema: public; Owner: karimi
--

ALTER SEQUENCE public.table_reservations_id_seq OWNED BY public.table_reservations.id;


--
-- Name: customers id; Type: DEFAULT; Schema: public; Owner: karimi
--

ALTER TABLE ONLY public.customers ALTER COLUMN id SET DEFAULT nextval('public.customers_id_seq'::regclass);


--
-- Name: foods id; Type: DEFAULT; Schema: public; Owner: karimi
--

ALTER TABLE ONLY public.foods ALTER COLUMN id SET DEFAULT nextval('public.foods_id_seq'::regclass);


--
-- Name: order_items id; Type: DEFAULT; Schema: public; Owner: karimi
--

ALTER TABLE ONLY public.order_items ALTER COLUMN id SET DEFAULT nextval('public.order_items_id_seq'::regclass);


--
-- Name: orders id; Type: DEFAULT; Schema: public; Owner: karimi
--

ALTER TABLE ONLY public.orders ALTER COLUMN id SET DEFAULT nextval('public.orders_id_seq'::regclass);


--
-- Name: outlets id; Type: DEFAULT; Schema: public; Owner: karimi
--

ALTER TABLE ONLY public.outlets ALTER COLUMN id SET DEFAULT nextval('public.outlets_id_seq'::regclass);


--
-- Name: owners id; Type: DEFAULT; Schema: public; Owner: karimi
--

ALTER TABLE ONLY public.owners ALTER COLUMN id SET DEFAULT nextval('public.owners_id_seq'::regclass);


--
-- Name: table_reservations id; Type: DEFAULT; Schema: public; Owner: karimi
--

ALTER TABLE ONLY public.table_reservations ALTER COLUMN id SET DEFAULT nextval('public.table_reservations_id_seq'::regclass);


--
-- Data for Name: alembic_version; Type: TABLE DATA; Schema: public; Owner: karimi
--

COPY public.alembic_version (version_num) FROM stdin;
05ff448eea7c
\.


--
-- Data for Name: customers; Type: TABLE DATA; Schema: public; Owner: karimi
--

COPY public.customers (id, name, email, password) FROM stdin;
1	Charlie Davis	charlie@example.com	mypassword
2	Dana White	dana@example.com	secure123
3	Peggy	peggy@gmail.com	pbkdf2:sha256:1000000$SNH8WiuGGPZRAa5g$bf7bc6da1c4d9286f33262cf164c1a5a6c666294b8d30989ed204ced6a7f8e8f
4	dw	dw@gmail.com	pbkdf2:sha256:1000000$tgbP3SetzClarsnX$41f19c94da0937784e947b64deed77a710f1cc52b3668a2c830bafb89f84e6ab
5	Katie	katie@gmail.com	pbkdf2:sha256:1000000$g4H2XgFlGbZtKR7i$5c1d509b1a2ac469d08b40656d09280ae917515e0fac552d41bcba89e054d091
6	Sam	sam@gmail.com	pbkdf2:sha256:1000000$5mphYGFHezFAyp4x$1080813a288cedd5244c546e55c59274a963d0edc402510632418fe6082e900c
7	Karimi	karimi@gmail.com	pbkdf2:sha256:1000000$BdFejOaX4UqIVgJJ$9b8be4b0430969c537ad65ea70cd14e5b08b16cb71cccb1a2437e6ae50cfd5f9
8	Ivy	ivy@gmail.com	pbkdf2:sha256:1000000$ZEiiErMG5GzutRTq$4daccc0e691817ada107548b52be63e14cfdbabfecf8a439184bc99137825ced
9	Hamzi	Hamzi@gmail.com	pbkdf2:sha256:1000000$zBsLDVrvn4FKVWEc$ffa794b6d64281088c7a161580446f54e90185021bced9174747a315fe24aa7f
10	yellow	yellow@gmail.com	pbkdf2:sha256:1000000$YOCPIVz3f6wC6qxF$a31dc3aba5f7c8b24382d147479d66a4ff3cad5d7b82af25fe937666ad278ca2
11	Nisha	Nisha@gmail.com	pbkdf2:sha256:1000000$Ofghuw7ajBE0Kp6W$44f6649ff2daa585bcd35fe29768186d83df5b07242ca3d7ab75652758adcb30
12	fridah	fridah@gmail.com	pbkdf2:sha256:1000000$nTMB47ZIj1cfQ03o$95157f0a6d577fc8eaf231f079ce14e6aa098dad2706450fbcc209fff0784a45
13	jitu	jitu@gmail.com	pbkdf2:sha256:1000000$AeVjJ5bnPgaUO0R7$1ef9c8773627b7814b0f64e33e1fa7342b4376a3cd50ccebcb259fee86084012
14	Work	work@gmail.com	pbkdf2:sha256:1000000$ZVXPKIN9qBazpRZ2$5ba6a43f300cf0fbacfd991c9d70acf34a796c5f70e13319330233b57b83898f
15	q	q@gmail.com	pbkdf2:sha256:1000000$aq1WKLFOIV9YQkaa$ddf4045107ff84eac291ce2c8e177d4ae9f9e765f8f01e059edcb3a6691a0ff4
16	cs	cs@gmail.com	pbkdf2:sha256:1000000$eXAOmEU7Yi7CRAu7$9c46afcf90db5b5035ec9f7dfa1712d72491cd8a2b78e079dac789462953b798
17	jamie	jamie@gmail.com	pbkdf2:sha256:1000000$VXt0VchMATJ6YHPC$d573b9ea998dd298bf85c69ee2c585db5a36f4d4ffebca368d821bbbcf901920
18	apple	apple@gmail.com	pbkdf2:sha256:1000000$evEt2gYS6pX7xqLt$d377cb7dc575e59aedd0341be5c99b8f03932788efa62134f9c300cd9231d304
19	tomashi	tomashi@gmail.com	pbkdf2:sha256:1000000$k2bcAaj2ZQ827mD6$7579c63c31f789cfa5d77570e107e6e924abed35a4fdf458d8fc787a400ad957
20	Florence	flo@gmail.com	pbkdf2:sha256:1000000$2rByg4bKWJAP59Jg$62fa1352adf4d3f4fa578c616bf14826ef03e3dd985c3881508096d8cc2d34f9
21	yoghurt	yoghurt@gmail.com	pbkdf2:sha256:1000000$l552x3TwR3RYrQfH$c5d9b14ad48817bf484a9b2c1578fb3edb157f4339e2b5200c93d9f89e736394
22	Sky	sky@gmail.com	pbkdf2:sha256:1000000$tteI9G7AcEOi6f6W$e9897248772b42c2309480781ec1a19db9733c1a142bfa8ee5b8dfe5c1420c1e
\.


--
-- Data for Name: foods; Type: TABLE DATA; Schema: public; Owner: karimi
--

COPY public.foods (id, name, price, waiting_time, category, outlet_id, photo_url) FROM stdin;
3	Waru	20	3 minutes	Snacks	2	https://plus.unsplash.com/premium_photo-1667233386677-34d02e083468?w=600&auto=format&fit=crop&q=60&ixlib=rb-4.0.3&ixid=M3wxMjA3fDB8MHxzZWFyY2h8OXx8Y29va2VkJTIwcG90YXRvZXN8ZW58MHx8MHx8fDA%3D
4	Salad	200	20 minutes	Lunch	2	https://images.unsplash.com/photo-1600335895229-6e75511892c8?w=600&auto=format&fit=crop&q=60&ixlib=rb-4.0.3&ixid=M3wxMjA3fDB8MHxzZWFyY2h8MTB8fHNhbGFkfGVufDB8fDB8fHww
17	Apple Pie	95	10 minutes	Snacks	5	https://images.unsplash.com/photo-1535920527002-b35e96722eb9?w=600&auto=format&fit=crop&q=60&ixlib=rb-4.0.3&ixid=M3wxMjA3fDB8MHxzZWFyY2h8MTV8fGFwcGxlJTIwcGllfGVufDB8fDB8fHww
18	Strawberry Donuts	90	7 minutes	Snacks	5	https://images.unsplash.com/photo-1533910534207-90f31029a78e?w=600&auto=format&fit=crop&q=60&ixlib=rb-4.0.3&ixid=M3wxMjA3fDB8MHxzZWFyY2h8M3x8ZG9udXR8ZW58MHx8MHx8fDA%3D
47	Burger and Fries	350	15 minutes	Snacks	6	https://images.unsplash.com/photo-1551782450-17144efb9c50?w=600&auto=format&fit=crop&q=60&ixlib=rb-4.0.3&ixid=M3wxMjA3fDB8MHxzZWFyY2h8NHx8YnVyZ2VyJTIwYW5kJTIwZnJpZXN8ZW58MHx8MHx8fDA%3D
23	Cake Pop	50	3 minutes	Desserts	7	https://images.unsplash.com/photo-1586195830864-e4d9688815c8?w=600&auto=format&fit=crop&q=60&ixlib=rb-4.0.3&ixid=M3wxMjA3fDB8MHxzZWFyY2h8Mnx8Y2FrZSUyMHBvcHxlbnwwfHwwfHx8MA%3D%3D
20	Veg Burger	110	7 minutes	Snacks	6	https://images.unsplash.com/photo-1520072959219-c595dc870360?w=600&auto=format&fit=crop&q=60&ixlib=rb-4.0.3&ixid=M3wxMjA3fDB8MHxzZWFyY2h8Nnx8dmVnJTIwYnVyZ2VyfGVufDB8fDB8fHww
21	Beef Burger	105	6 minutes	Snacks	6	https://images.unsplash.com/photo-1568901346375-23c9450c58cd?w=600&auto=format&fit=crop&q=60&ixlib=rb-4.0.3&ixid=M3wxMjA3fDB8MHxzZWFyY2h8M3x8YmVlZiUyMGJ1cmdlcnxlbnwwfHwwfHx8MA%3D%3D
22	Hamburger	110	8 minutes	Snacks	6	https://plus.unsplash.com/premium_photo-1675252369719-dd52bc69c3df?w=600&auto=format&fit=crop&q=60&ixlib=rb-4.0.3&ixid=M3wxMjA3fDB8MHxzZWFyY2h8MXx8YmVlZiUyMGJ1cmdlcnxlbnwwfHwwfHx8MA%3D%3D
24	Oreos	170	2 minutes	Snacks	7	https://images.unsplash.com/photo-1621991892177-b54518ace6f0?w=600&auto=format&fit=crop&q=60&ixlib=rb-4.0.3&ixid=M3wxMjA3fDB8MHxzZWFyY2h8MTl8fG9yZW9zfGVufDB8fDB8fHww
25	Marshmellows	70	3 minutes	Snacks	7	https://media.istockphoto.com/id/1007480178/photo/homemade-hot-chocolate-with-mini-marshmallow.webp?a=1&b=1&s=612x612&w=0&k=20&c=LfU_02KNNy6FBqkFg-IsZstAxZtRPRIBX8WdguR-G_w=
28	Blueberry Pie	70	4 minutes	Snacks	7	https://plus.unsplash.com/premium_photo-1723870824787-c6b4fc41eb43?w=600&auto=format&fit=crop&q=60&ixlib=rb-4.0.3&ixid=M3wxMjA3fDB8MHxzZWFyY2h8MXx8Ymx1ZWJlcnJ5JTIwcGllfGVufDB8fDB8fHww
6	Smochaaa	75	8	Snacks	1	data:image/jpeg;base64,/9j/4AAQSkZJRgABAQAAAQABAAD/2wCEAAkGBxMTEhUSExMWFRUXGBcXGBYXGBcYGhcYGhgXFxoYFRcYHSggGBolGxUVITEhJSkrLi4uFx8zODMtNygtLisBCgoKDg0OGhAQGi0mHx8tLS0tLS0tLS0tLS0tLS0tLS0tLS0tLS0tLS0tLS0tLS0tLS0tLS0tLS0tLS0rLy0tLf/AABEIANMA7wMBIgACEQEDEQH/xAAcAAACAgMBAQAAAAAAAAAAAAAEBQMGAAECBwj/xABEEAABAwIFAQYDBgQDBAsAAAABAAIRAyEEBRIxQVEGImFxgZETobEUMsHR4fAHI0JyUmLxJDRDshUlRFNjgoOSosLi/8QAGQEAAwEBAQAAAAAAAAAAAAAAAQIDBAAF/8QAJxEAAgICAgEEAgIDAAAAAAAAAAECEQMhEjFBBBMyUSJxBWEUQpH/2gAMAwEAAhEDEQA/APJQ+QRyPop8XgdNGlU/xh3u0/qhHiCrRnVINwOCn+rX87pjiqYZ3fiYmyJp5m+k6JkIKqNL/JRYj7xStWMmXDBZm14sUxZUVCpkgAi109yvNZcGP91NxKKRZmvUzXIegQdjKnaElhJQVjaomOVjAiaFNoIJU3NIDaOQFuEY6kN+Dsojp6hKpklli+gchQVWlFOeOqgfUEp7ZSy+fw5rFza7CSZYCJv1Cu3ZYEYWkDwCPZxH4Lz7+F1b/aSOrHfK69FympFJ3+WpVHtVfHyhXh0JLs+fO1v+/wBTzWU38rXawzjX+QKGpukxykZQZuq2lS06sQgSbQujwlOobU6myLFQuKVUXoylUgonUHCrBTnsxgBiKoadm98+kQFWjVT3spmQo1HPc4NGggk+iVuhoxbej0TA0BSaA0DVfbZoJlU6k7vGTcl3rdB4jtHXxZbRw4NOmS4GryY3joisG2wV8LsjnjQ0opvhDY+R+iUUU1w2x8j9FZkEZlNKDWe1vfcAPMiYlNcRiBTpg1CBYAmYv4JHhKtZhfpA0uIdqd5QQPZaqZlSsKjhVcLhttLePdZ3JR7NKi5Hy5SIez/M35hXX+IOG04DBwI0wPdpVBw86gBuTA9V6r/Eel/1bT6t+H+RVvBLyeS1HTdbrcH0XBU1KlqafBAYLaG/Bie9q2UVWg4u7om0odjXA3GyKp4yHl0T3S35JP0MPezrXvZIMEex81Ymngi6S9jmkMM+ic4isGuv0UpdlYRs7awyD6QnAymoHMa7QNdgS7YwXR7ApJUrWj5q45fVyt1Ch9pfVfVADnXeYcLf02G6zZrXRnzYM8ppwa4q0/u2tV+mbxmFwNHQ6tVPwyC1wJiKnglec5llOgtoOJcAZN7ngiFnb04CvRZTwlKHh4cXwW2ggi+5JI9lXcNl7GidAn8VXnyjfGrMnp/4P3W3mz09O0q/539b/ZxkebUqb3fGBcALcyfAJw/N8NWhlKmQ49RFhdC0qQ5a2fJTUKLRUbUgAtHA3T6lK2jZ6j+H9N7nvrK3JVpWlod9gcV8PG0+hlvuCvSMtqF1PEtG7azr/wB2l34leQZdV0V2O6OB+a9W7J4wVaOIcBH85wnqdLIPzAVIfQ80eI9rrY5/gAPqgqUzq4R3bX/f6vt8ygdwGhIx0GYc6kWGoekICmagcENtCmpb+ChYFK1q443VenvZXLG4mrof90DUR1hIHFN+zmcDDPNR0AREniUGNHs9DyrKKNFhceHOI8OISHBj7qUV+2T6stoMLhN3us0DnSOU3wP9KtgI+oVVsYUE1w+x8j9Eqw6Z0jZaGZ0UPtT2501vsNNp1FwY9/SenXdJ8NhHfGcC53uUPnOBw/26pUc53xTVlrYMbwIjyV1yrsvUL/iVHBjSDbm+yw5YNy0ehjklHZ4z2YyppZ9oNyDAHSOU67b5mDgRSJuXNj0uqx2ax72h9MCQQXx5JRmOYPrO1O9BwAtZlBwjMAbOHUIOUdlMFxBsgcHUXg0tvXnopn0KYDIgi0khT4bBDRYg3PlG6GqZbU2BG/VSfZVJ0NcO8tA7oLeo48iFK/NGgXOqODv6FAZfl2JaDcFvnZCZjhntvbe90tbGtoY4nORLdAtFwUdhMex+xv0KqYceR6hbaQ7YpqFsvVJ07FSua6LGCq72Sc4VNDjIglWPMqR0y1xaR0UZzUXRSMG1ZLRB2O6mDCg8NjtEB4MH+rxTulSdvoOkjoUvuf0N7YtqUyCCvTuw+HLMvqOP9TqlRvo1oB/9zD7KmUMLrmmLF4gE8Hhej4ej8DL9BN20y0nxMz9VbG72RyKtHgfaytqxb3dRPuSUFhat1J2qdGIP9o/FAYOtBHmgwosDTG6zUhDiAZuoxX8UoRvTKKa+yVU6uyKbUKICckJnlOGZUq6XAOaBMHmElc5O+yNMPraXGBpKC7COMFTaPiw0Dew4TTAbjy/BF/ZadOnVLdyDPshMD+B+i040/Jmy9h2HCZU9ktoBMGGyoSRQft9GjXqVAzXWL3Q47MEn7v5qDNe0lZ8NDo8vBLWtdUr1nwSA9zRHg4rk4R8kmBxcqTNKWil59lv2anrpEtOrS4jofFVelTJsF61UrPrsdRpuYWu3EXI6KA5RhaGgPYab3dW9z0PCHJ3tDcDzmnlNZ2zCp6eSviS8DqDb3XsWHyqnpkAeirnarCNLZAAI3PUeKo1QlX0UTCg03aNc+WyaMxrnM+HbSeYvY9UE3CEPkmZ2Pip8IxrH6XkmRLY6lZ50y0cPNpSXTsfdnqZ0ubM6g4gHq0gqvdoqPe1jbY/gfZWXIMNqNMaoPeAI8eq1neQQ14vqHXa159ksnTUjnF7iyp4NuppQWHpb+Y+qb4ClDoJAmIQZp6XVG9CfqqeRPA+7N0QKzfUJ/jHHVUZwGagk3ZqBUBPhCJx2c06lSr8Ik6WOY60Xvss842zRB6GmMoFuHGmCSBA8TwoMf2txtPS0VNLYAA0ttA6wqjl2McZBcbC1zYrf2t7i0OJdJgT4o41xDkhav6LbTx+JqEE1HT94EQPWwXoWAxVTE4P+c8tdSEgD/if39YXnWGymowNlmou4BIc0eIMAcWBJurtlL9FLTOmQBG+/HmjHKr7I+3N/6s807dEfaRH/AHbfxSJgK9IxvY+hVqa6lZ/A0t0i09XSqt2nygYetoZem4amSZLRJGk3JMRvzKPvRnLQ3tSgtiuhYLYfdd02WXGi6IA9lSwRmGqIVtKwRVNkBADJXlOOzmd/ZKvxYB7pFxKQ1Nuq3gXHVJ28eUY9gl0Xup26fX/lsZZ1nOgBoB3jqmmDf9FTcNXZqa3U0GR3W7DzVsw+KYCQXC3itTZlabG+HKPD4CS4fHUyQNQkiYngEC/TcIx+PpgRrv8Av5LnNHKLKKxoa0tBuXOPm5xJUFXD98MHAufFduMHUf6ZPqVmWlwDqm5JtKmUZQ6GOex4dTMEcq+YavTx1B1N8a4v1nqF57GnzXWCx7qbxUaTb5pYTo1TjZZcsxlbDUyyo4kAkNk9EtzbOy5rvEQi8dSxOMg06Rc2JsNuveKqGd0KlJwbVa5k7A89V35PsTUUF4jM2BjY3CB+3B7wQItCBqYd28GOsGEdl1FupoAJPPgjwRyzStNDjB4iuwamgNEmHI2vmuJANQn4hNjqtEqPENIYG8ayI9JUWPcQ1oHJCnKKlpmlK4ub7EdB7i+Oil0H4juZ39kVQpEOc00w08Hr4oWu4srjzEqzdmJKiwZfV0MDzxCkyzD0xTe4CHHVPQz/AKoCrmdN4LGiYbt4gozJ6Iq0yAe6ILiOOYnqp0km2Uu2qEOHw7viGmBc2hegdmsoZQpGtVAc/gECGx/hn+qeUNlOUsYS7k8u3A3jwT/HOaaLLagSI991gyZbdI9CCukwPMs006dTtMja0k+B6IVmIaTrd8VscyR6EXB9lycIH4snhrGtHnJmPGD804ZhLnkWjcR1uk4WbIqK8Cas4PI04kl1o1NkfIhKMyyysx2uoQ8O/wCI24PgbAt8iE/zTs//AFUgA+esAiDNtpmOiVUcdVoPhziIsR6owbx7oTNgWVaYtZRUbsPforXm2FNTTVDC10d4GQSOCAel1X64k7rXCakrPKyY3CVMzBAmeqMLIUVM9Nl0+qCbJyRA9u6mp0Kj2ltNpc88ASVHUF1af4fP/wBp/wDK5LdbDVqhRlOR4pr2vqUXNptMuJAFvHlWejUohz5mRuI+isWNzilVp1WMdJaBNoH3gLTugKLRurQk8isjJcGcUKFFwFwCQQCYDtwbD0ClzGjRDDFZrBBsNJkx43RNHL2EhxAkEnYcqbMctpmi+QLNcdh0TODApqygVGF0N67ox7YAaDYfVcMxFLo4LDUpk/fjzC4ZRPM6LwbuNuiaYPJalZhqhsU2+58leqXZTCC/wgT4kx7Kx4TDNDQ0NAbtHELliKyzHl+LxWNwrGuw7nhgEkEtMeg4SF2YVcRW+K5zHVTvqFh5A7bL2zHYfB0KoPww6W3YTIvuvOc2yHD1arqlENp0w8tI1yQfAHcDzTxWiUpW7orWZMJOl9e5AhkCJ9ES/LnUKbaki7tJCZ4qlljXBlVztbP6qfMcH/Mp8Nnj8TDKOGptptP3qly48Fx2B8kHA5T0CVhNNx6OY73ELivQDg0ExyrRl1IPpg1dBdJLabWxMGC49QOFW83Y3W3We7qdMeajkVI1YsycWiavgWadWokgWVczbDl1ZunoDKtorUywtYJdF1DluX1WEF7Y1W0H7xHV3+Fo91DDkpNyBOF9FfyjJKlWq6ZYwbvjfwaTuVb20w1opsaAxgsCTxsiXVgO6DtZc06cEfn9VnzZ3kf9FsWNQRzXolzNIsTz4x+qZZXhi2i1rnXHJMD720+QQtN0ud04vv18kzy+o1zXNkEiNTegO3ooK7LqQkwLQKz5+8XOk+ADdJHoU9o1SHQe9zP5quUcS0VQ4mJcaZ8Dtv4aI9U7r5nTY8NEyBvEbwYPWJKtyUVbNPuJL8gjE4uKlMERIt7ifRdZrlragDgBrbdpI+RQhxTXjVuesQR5TsmGBxRe0EtINkuPJGd0K5rRDhseHjQ4xUG0xMjb049VTe0lP4dcw3S10OF5338rzZWnO8EdbKjZnUATPCF7d4UGix8CWuEnweDPzDVTG+M6IeoiuNoqTcTBtspaVUIFw6LbHHhazz6GjhqgDn5ozB0YFiCZ+nRLMJiSARz16eSc5U3u36ypZeh8fY8y2mBrkmYb/wAzQn1MwCfBIsMbu8Qz/mCe0hZW9J8WQ9V8kNsOpc1tQqH/ACO+hUOEdK12ldGDrn/w3/RbDKuzzOpiGt3cJ4C41yqfiw9pa7UbnnhGVcye0C49FG0aKZ6+ynKKpSFwKa2QVayZSP4n1K1ENq0zDH911pIPBB4VNyTMWkGSAAZMm5PVetdrcq+04SpSB7xEt/uGy8jZ2OxLHiab3NiTDHb9NkstxcU6srinwkpV0HYTE0XvM0RWJNgB9PFO8Tl9YsB+B9noSB3u4TJ/pabkoLsv2axIra6YDHNlwbUa9jSfAlqJxWNxOJxTPtLanccRp0u0AjYNkQb8q340SbttsNxeL0F1HDUnP+GzS6qCLWnQDtN7pIcBXrtg0RTg/eJ904wWHc8Evc1jWudNOls5xMkudsYFrdUwdibdGj2AXm+o9TFajtmvFhfbFFPLRQGoOJNtR5PQNHCkOIIMuEud02aOnnupW1PiDV/SbjxUdaO9aT0WCUm+zXGugWqe84xIBG2/oiKOFJqmpJLS0COBF5+ZQ5bDvMbfjCkbVeA5rWgECAeHFBDSDC1EZTTb8Rzo7zgATMTER9AlOHxLjOtpb4SpPhn4jXgkR9EvWzl9AnaLC6Kjm2DSRUbxvIInrM+46od1CrUa17RBDgdUyQBAnxHEJ/2hwjalJtQnYFh8n29IICWZRWqRoLoM6XAiRMwT7/VM9pNFVFSpt9E2BDwHBwNhJPzVhyauSyD1H0SUVnNd8N3d4LuomfblPMuLQCBEDaNvNPjjQ6jq2E5m2aZHUH3SbNMSKuAeZnuj/wCFRhCb458MMbx80udlBOGfQaYJbaeSSHfPSB6ppfJMnl+FHnj3Lh1eFmIa5ji1wggwQeCoHLckeawqjiIvKtOTPloJVOw7ZKtmTuhg9fxUc/xHxdlgpP7wHXT9Z/BWGgVUdR+NS6XlWnDOVvS/Ez+q+Q8wq47SGMLV/t/JdYU2Cj7SPP2epadrdbhapPTM8O0eaYtmtgaWN3B26FLe0GXtc0OY3SeQFZtdO2oFk+n6JfnGlumHSDPGy8ybaVo9bE05dF6NZa+MtfDW9KtzZipGCuVv4xWg1b0o8mdSN/H6pVmmY6m6Wu7pFz/iHh4LjNsU12uiDJEa48ROn2ifNV5tF3xNTnQN446ALPmzP4o0YsK+TCCA0aWiBwEvzMF5bSEgOMvI4YOPUwEZpl+o7AWXLatzv5TxO6zR0zQybSAPkEso/fcZBFo8Qf1TGpUlsFLn0W2i17/6LjkD4lrXucAS10C+5gf4QETTov1Ag2vqHpaFDiqUOFSJc2wjkGynp1iGQfT6ohsJrsiDHr1/ND0a7TDSb3t5bpCXYhmpupzm8E9OR8x7JaHuDpE2PVP7d+QxiehYWHsdSdsRYbquuqOY9zmu1jVDvBwsfK7Z9UfleJcA1/O0Hpt+KkzHAw41qTS4OI1tF97TAU4qtFIPZ0/FA6S9u5EuBvsbBG4TE6JgWnmxHFx7pZiaRdRdo08EWuD/AJYQGWYis6A425OmIHr9FRX2GWnSLhRxAqEDhsE+comtiGNIDnQTB/IeyT5Zi6Z72khjdpEAnr9Uc6l8XiQbzAjyQt3YmR7BM9yahiTr16XxGoRfwcDv9ULhf4cNqCWYseRp3Hn3k9/6MYBGk/T3ROHwREFrg3w1EHzkH6LRjzV2Z8mNSWtMro/hfUH/AGlh/wDTcP8A7IzD9jajAB8RhjzCuFDFmIdv13912HA3WtLHlRhcsmNlWZ2aq62u1Mgb7/km1LL3jp7psCtgqkIKCpEpzcnbNYZsbqDtHh69XDvZh9PxSW6dZhtnAmSAeJRYKmpFP2ItFJwfZnHkzWpUTx3KpI9nNClxXYio8fcA8nBXxlRdfEUnhiy6zSRWpC1rCDfXUZxCy80U4h/xlzVxAaCeglBfHQuOrSwiUJZKQYwti6lSu9/9T3anH8AoMRcroYvRZ3O3ooXVLrDdm6iVwEKJzIvHC7e4ET5qEuEGTfxXIBHVqRHQj1UIqtmXGPxXOPw4qNF9rgtsR4hcCl3bweh/eyITmti2NI1vidv30RJgi1yLjofJJcywjalhZwsP1RuHpljWy64ESmpUc1QS6SPqOiHfhWbkQQuXViLn36rVTGNjf9/igrOB8RnFOk4McDsLjb63TDLs5hodTdO0zxHCS47F09Pfg9JAMeiUOzPSIpMEncxE+kqyx8lpbOTo9CbUpu1ObZxvIOx5lu0EqIEAd92/S03kD3XnJxtdx+/HPdgQnuSYmoHCpV1PbswRcutdrQLxyfFCWKS8mmGVSXTL1gcOI1EsDAe6DEwJglvH6pizHMaN/awVb+01qjBqAYOC6B14FwEE5zCYdUdU3syyjT8A43tltrZ1SZJfEeaWDtJRdsw/3abH9VXadSiTIwoHRzoc76rHio4zsOn6/oqKLGjCPkteH7RUhEkgbbmR6EGyeYDMKZPccL7tnnqIXk9f4zbxI8x9IRGAzUB4DXOa8ja4I8J26poqUHaBPBimqPZmvHVblVjIc41ABxvtf8FY2uW/DmWRHjZ/TvFKmTalNTehmlTNKvZnoLZUUutBtKka9MAqmlcFqmXJC8c3kDghcWyWm6MehMU/SCVzVo5diDGB1Qadm3nqfEFcsqQFBjnPHeaQ3kjr5dEsxOY7S0z++ikoM13Y5dieiWZliC4hoBHj+SDGaNFod6BRVMxBsWuPoE8cb+heSQdh8UWuDCEW/HyS3aNp5SV2abfyySOTCCxOZVD0b8/qn9lsXmmPK+OaPvAz1aD8+iHdmEA7W5mSfkkTq7nbuJ8P0U1FUWFIWU2iepjqjjEBvgSZ9ouonYhw5+X5ruoSd7xA9BsFG8kqnBCrKDNZqk73UtSjAEDflEYBku09Y/L8U97PYFriX1B3WbDq79I+YU5z4s14uMoWc5RkbWMa5zdb3XDLWHVyPxD64c1ukMkWdAMDoDsjaNWGy+Q95MgcDoPDZd1apd4C0N6Rt6qKbk7ZZOtAwwQMF0uMcn6IjD4VrXC3KkB4Pv8A6KN2KAN+N/qqOkcJMc77MNb50Oedr8mPK30TLDVJAI2NwRyh34Q4rC3dcuJgcQ4kD2hC5dVqUoZUhzLjUJ7rhPddPMAn0QhKLEU3ewvFzN7JJnGHAAf0I9uVbBRBEkTZKs+o/wAsgDcG3TwTKO7KymuNGsrzAsqU47zSQ1xB67OHyXo+UYgvDpixEeR6+oK8ryaq0w4bHS0C8DqY6yPmvUMkAAN/D2/1Qw6ypIxer/LHY2aFM1QhSNK9NHkEzQuwFGwrsFEBXS1RuCleVE5eQbrIqhQWLpFwI9kcWqN7UUjrK3WwLzwh/wDocTLvYKzPAURpSmob3GV45awbNUNTLx0VidQCgfRToTkVyrl46IGvlIN4VsdQUD8PeVRI5TroqLcojddnBwrG+gh34ZGjnNvsROw6hdQTx9FCV2QuAL6VOHNPGpp9iD+CtGXs/ktaJGp5+tjfjuBI9MhWnBEFlAE8R5kT/wDo+iz5/DNXp5VaB8YzvtIIMTNxIuALdJ+oUun/AE6KpYmv8DFYiq7bW4AdZqAgeQAPsrZhqwdPjfouUaNUZWbNilmYizjIHMnjzTJ+yExeFDmw4WI7wC6Wx7I6FKvTouABNrOA+6TsZ5SPF4x7Bo0lpJkucJk32B/FNsL2jYAaVQOaQdJG4856bInMqNOqzS7zBB28fFRX4S2hW01aFGTYuuwFplwN2zADRe3WPBT51jj8KC3vOmI2803yrLwaR5ItPMdVHmGDp0qbarnuMvLDTABEkTqE/wBo91SOS5WQk9NITZNT0kNImSwwDBGr8oJheqZIyKY+q89ySnqxLYHdEl3haGjzXpeGbDQPBUwrlkv6MueTWNJhTVIFC0qRq9FGAmaV2CogugEQCQt+S5e1TlcELykjW2QR4LgtRZUZ3RQAY0vzXAb4Ipyjc39hMcCvpKB1JHvauC1EAuczeyifSTE0lCacprOFrqShdSTY0vkoqlHhMdYmqUEvxtC6sT6KCx2DMEj1XMeD2IadOHR1TKCaLQD3qdQOHlMkeoLwoadCSLbIqkCw6ongjqP3ypyXJFlLjIWZvkv2g62G096eDsT8lzh8JVwrzTANSluOrZvbqrDg6FPvPpnS4m7TsXHYls382rdbEPDmtmmSfEgk9APdQ5SWjTFpu0AtxMiYJETsfmoquNA3BWYvGvsABPS5n045QZNWpZzXDppBHzTptl+S8gpoh9UvA3Fwfr7fRc5lXLR3JEWnhEnJaoaS0EW5IJUmWZC9zZqc7ApuNuzHkyLlph3ZjHtFMl7w0zEmwugswxmuq6lTcHGYbyIMGRwd/kmDOzwkeHn8r2TXAZQxpDouOoG+35orBu6B/kRjsI7MZZ8Jl5JmZPJVmpILCDwR9MLXix8UYMuTnKyZgUrQo2lSgqyJHTQu1yCtgoiily5cVpxWl5ZrMJ/f78FnmsI8YS92Aky55KZBSXkMqEcmFB8STAgx7eq5GEaL3jxKnRAcG0/v1WESJi3j08lxDnSHWHQbn1Ujjt+/VE45i3yXBbZSF36Lhx72/muOIqgHK4iblTyDMFcnp5rrFIQwBaq05CkMron9/mjYUCfZWgfduV0MI25j9jwRDp43/f5rsGIslsawA5awiC0eaHqZHScZIuOST8im650+H6LuwptAGHy5rRZoHJIA3iCfMnlTuw4EQESWLYbwmTObs4FILBTEKURK7jZMmIyIUlJTYuwF21UTJskoiEWwoRpU7XKiYjCAVICh2uUgenTATSupUOpbDkTqFhC0zdYsXmmkxxXCxYijjQWm8eqxYizjOVoLaxDwccxdQzdbWIAOz1URHC2sXHHAN/30XdPn98LFiJxsb+hWmfeWLFwUbdx5rHhYsXBNhdTusWJkBnIUlM2WLFRE2SNXTVixEBsbqZqxYqiGyVIxbWLjjqV1KxYnOP/Z
2	Pasta Alfredo	350	45	Lunch	1	https://images.unsplash.com/photo-1662197480393-2a82030b7b83?w=1000&auto=format&fit=crop&q=60&ixlib=rb-4.0.3&ixid=M3wxMjA3fDB8MHxzZWFyY2h8Nnx8cGFzdGElMjBhbGZyZWRvfGVufDB8fDB8fHww
7	Smokie Pasua	40	4	Snacks	1	data:image/jpeg;base64,/9j/4AAQSkZJRgABAQAAAQABAAD/2wCEAAkGBxITEhUTEhIVFRUXFR0XFxgYGBYYGBgWGBkXFxgbGBgYHSggGh8lGxYVITIiJSorLi4uFyEzODMtNygtLisBCgoKDg0OGxAQGy0mICUvLy4tLystLy0tLS0tLSstLS8vLS0tLS0rLS8tLS0tLS01Ly0tLTAtNS0tLS8tLS0tLf/AABEIAKgBKwMBIgACEQEDEQH/xAAcAAABBAMBAAAAAAAAAAAAAAAFAwQGBwACCAH/xABFEAACAQIEAwYCBwUFCAIDAAABAhEAAwQSITEFIkEGE1FhcZEygQcjQlKhsdEUYpLB8BUzU6LhJENyc4KTsvE0oxYlg//EABoBAAIDAQEAAAAAAAAAAAAAAAMEAQIFAAb/xAAyEQACAQMDAQUHBAIDAAAAAAABAgADESEEEjFBEyJRYaEFcYGRscHwFDLR8RXhIzNC/9oADAMBAAIRAxEAPwCE4gazWztqKy5FePtS0ZIm2IPU9RGlC+CGFA8HYfiafO5yx0/GmHCmguB0uz8iAaumBBvzCfNNa3Jr3O07day9PWq3zLjiN7qxSZat750poz0RcwTYMVutXlo0lcfWt7Iq3SV6xwra7URwWIAUgATQvSadWL0Gg1MiXTBj9b5zQInwpHEyQRIpm10FiY6704w+Ge40gQDsTMH08TQmKpkmGRWfuqLwZZcScx28KJYW0bnwGFESSNh4gdaf2OE2U54zkmRm2JGhGXqfSa0xuICNKgZT0028xJA8gaC+s34T1jlLQFO9VOPARzhsJbXUwemY9D0I08uk0+uYkAEkxp8w22w11/eI9KDC7J1PTLMmcp1WDufDlAFOcVfIt7SDGYa8rDTYaAnzk1nsCzDcZqjaiEKLRW47CyTmUkLyk6yrHUDNpI8h86X4L2ZdyO9fIOUlVGe5lccpyjRQTAliIpjiyotgBd9V8vEEnmMfIa0Z7NcQD2ilxhltfEDGttzqYMJKtrmcsfAU7okVib9Zn692WwHQR5iLPdtYs4e8FfPme29yVLp9puUpJA0AzU47WX79xrFtVFxWbvBbI5gw+JTnbNlGu4UU1uMLmOVbiOGVIS8rXTmb/duYAMHYAZV31igfafHj9rz27ZtOkZwckd4NyAJEepM05VxTa3umemXF/CE+LOrNZUoWsl5BUwVH2kGQZRBkmJPnS/A7zG5dfvsyM+UMZLKy622aYhenMflQfAdoWA+tLMc+YMIAhtHBiDEfZBAp8vcIl0oM6gkPlKkkNqpEkgRsco08awnVlG0j8vHr3gPE3C98m445mhmUCNTBIAgGpEO0Nyxca1dhlCjKyKpJZNUuamCx2LGajfDJN1YCmNYaNQPCQZPhoaN9obPeW1YatbAB0Mm2fgJnXy1j0p0VzSqKo4lGQOMw7jcMlxXbDOVN1VuyXhSgPPmWdgxmX8dBWt7ixS7cW8MoRQxYZiHkAMA2UZQ67KAoJG9QrhVy6twNZBLidlB0gzoRG01KbPFxcAwuKJXPbyl5TJmGttpkCYkFmnyFaCVlJtexir0yB4j1gXinBLlu8EW2xW7zWog5kbbUadQPCimH4dctWLlx8t2VEpLEATGrAwWUiMomKWNp4a7ZcPbOHyi0zO45DBAOb4VgsC0A9BS+C4mHKK8i4yZihDAlTo6gwNGXmCoBtvREGxrjB6QdQ9otmFxHHAHtd2DaQAR3gUSduW6jdW8ZdgNtKzAy2LfLcS5aAVUYFS1vqgXKswDocsbjWhnC7xw99rEjIzd5ZJKxm6AySokaH4jt1pTgty297EN3bo089kMxBtxzQoALMDzakCrA3tIIteAeMYstfus6qrFzIUGJGh3Jpq5Osbn8RTbGOmdsmbLmOXNGaOkx1rzDvvHzHjSD8kzZ01S4WmR7ulo57rQ66/h7+NP8LiVYp9lgCNly+Uj+ZocNdz/XpS2Hv922aJBEEePiJoFRdy+cORsN1FlHN83zzGnGMGSkxqBIPiOsUHS8I1GtS0gOiKpgyeU7TuSD+FBb/CVzGSV128KZ02oABUzL1elJIZesVek7jaV5eMbUQ7L4ZbmLw9twCrXkBB2IzCQfWjgZixOIKsqWBAGvSmuAsXFuXPq33U/C3oeldWm2o0CgDyArzIPAe1MhIsXM5gupcn4G/hNa3VeNVb2NdQd0vgPYVncr90ewqDTEkVCJytdtP91v4TTdrLx8Dfwt+ldY9yv3R7Cs7pfuj2FWCWlSxM5ONh/uN/C36Vslp/uN/Cf0rq/ul+6PYVndL90ewrtsi85Ra2/3G/hNOrOFuk/AwBHUdK6k7pfuj2FZ3S/dHsKo1IkYMIjgHInMtiyBJKu0ERKnXyI/1omznYA6jMsCcpHQyBp7DfSuh+6X7o9hXvdL90ewpV9DvNy0epe0ezFggnN9287a5WE6/C3xDpIEtOu0DWm962zKVyNpzLodAdx4Lr0Enaume7X7o9hWd2vgPauGgA4Mk+02PK+s5jw6tl1R/A8rajptqY8yBS75yVAzKZ1ENAI2IyiJ9Peulu7XwHsKzul+6PYVJ0IJveV/yTWtt9ZzJxO65AADAEksuUiG28z7mtuA4p7eIRhaZwDzDKdVIhuhiBrprpXTHdL90ewrO6X7q+wq9PShLWMFW1hqkkiUHwq4DcvHvGOHdihDC5K6TbZgzZYGwzFvSheFxz3HurfLN3mhYADmXRDsNPLQa10iLS/dHsKzu1+6PYVerQFRdt4FK203tObsVw2SgtnKpGubMecbgELqT5CPOveCAjPytMHMNYKfaEaCRvqflXSHdr90ewrQhPur7ClzoSV2lvT/AHC/q/KUBiCpdHM51GQMCdfuOAIkRpoANd62xGLbu2C8ujRA0H308PMRJ13q/IT7o9hXoy/dHsKH/jOO96Sf1h8JzuMVdS1AtyRlMbgdVbKog6aHMSaUwmMuZR3lpznlZyEjIT5aqAdgAK6GAXwHsK9EeAq/+OXqfz5yP1Z8Jzxc/aLAtCyLxAfM9vIWGcaZvhK6jbeieFttfytcwt0MCySVuFof4GBgZiu2ZiAB0q9pFZNNUqJQWJvAvW3ZtaUGnD76GwlyxdvKjGWVL4ZDOgzAaqPi5QJ8a3w2GxtoErYvXgbxZQbd7MI3Yowg5hpzE1fU1k1fs7cSDVJ5lIY3ss9wQmHuoVfMX7p5ZH1IiAXZT0AAAoFe7LY22WH7LeIGzBCfSujQa9qr0VaEpap6ZuJy9eDKSpBVtipkERuCDqPnW1ptNSPXw/Wpd9IPCA+PuMHCyonaAwHLmJ0VTEST02qE3rLpBcEBpiSJ0MHTpr40k9FlPlNWnrabDdbPh0hTB4onIhBaGBWCZjwEbeNbXlUsSHG5+KZ+elDMPeIII6Gn0lubu5nqAQPwpYrta4l1fetjn88oNe5r86K9jbh/tDCf89PzoPitCaM9iV//AGGE/wCen5zWmLXBmOb2InRd461qDW93etKZit5uDXtaCvSa6TNq8zVqTXldOm4Ne0nmqO9o+2mGwhCMTcudUt5SVHi0kBem+uu1QWAyZZVLGyiSQtWpeoThPpBsuJuI1v8AzaeOwMfKj2C4tbuqGturA6yDUI6v+0yalJ0/cLQxnr0PTFb1Krcq8HeOg1ezTcXKGcW7R2bHKzZnOyLqZ6TE5fn4GqswQXY2E68OV5NQPGfSTZQgd3oZGYuBqNxEGD5GKF8R+lUW7iJ+zyrESxciA20cu/XyoYr0zwYwmnqOLqPUSzy1eZ6jHA+1+HxUqj5XGhtvAb5QYI9DRnv6KCCLiBZWU2MePdqH8Yx9/C3LSWWBW5mlXOgO4jqJk+VSC7fqEdpboGOsMSpBsspRiRMNIjzkjz5fKl9Up2XGDGNIQXs3Fj9I37RYy8bZy3bgcOCzB2hc08oE6QdNo1FQnHcax4IK4u6B0IdgCB4jaalnHrbKDygowMoWO+8qfHy1/nTzAcDw12ye9U7faYyNwI6A6j161mEOr8zcptTNMd28A8F+k7EWMqYlDeT74JDgfPf5mrQ4Lx+zibYuWXDL18VPgw6Gue+Jo1u89lufK5AbXmHQyNNtY86U4PxG9hXFyyxQ+A2YeBGxp2nqGWwaJ6jQKxJp4nSiX6VW5UF7KdsrWJUKxCXeq7Anyn8qliXKeUhhcTHdWQ2aEQ9bBqZpcpVWqZWOAa2BpENSgaonXiorY0mtb1BkykvpSwpbFuUlWUI2bWCAzQDruNSAASdfCgFviLJcud+jEKVdWVZ+sIhWbMSAXG5aT4AVKfpMx4tY0glVzWg2YyNVZuUlRmIIJEAjfeoHjOMggpaWRlK5nA+CZGVBopGusk670GoyjN4xSBItaHG4HbuozWdHP1qgnTuohgBuMpmWaJ0gUyxXBb6MVClwNmUEqwIBBUxqNaLcLsC73eIw5Fu4LRSFRchuqNAZECVkgczExRXhXfi0neYNHaJLM1vMQdQTmeRpFDNNW6fKFFRl6yu8WOtGPo+bNxHCf84fgCaBvLCACTUr+jrhjLxDDM2hFz4eo5H/AE23oqITwIvUqKOTL9uDWtSKb8X4hbsI126wVVGp/kPOq2u47H8Wcph5sYYGC0kSP3mAknrlHlMTRGcCQlItngeMmPF+2OCw5K3L6lhuqc7ey7UAxP0q4RTy2rzegQfm1CDw/g2B0us2KujcD4QeugIXfozMaQb6QMLb5bPDrCr/ANAJ+Qt/zNLvXsbEgescp6TcLqpPoJIsH9KODcwyXkn90N75CTUhwnaLD3lL2ryOBvB1Ebyp1EVXa9teHXtMRw20P3kCE+8KR70nxDCYFgLuDuuD9pGJLKviCefLOk8y+IO1WStfqD6StTS7TYqR6iFMV21xDuEVECu4UMMxyqw0LkbHz2qP9osc9oh3thyYzEbASfA5tZpe2qrAYlVYxngFSToA0aCdgdFJ0hTy0KtuuZhecxmHRj3arHWI6GPWs2uam6zZE00ajRTeg+A5vFke1ilUoMrroTOkHbMJHp6GguPe7hbv1Vx1eJJEgAkwFJ66RUi4nwjBiyWt3n7zQqraFgNTlUDykHyFCrnCrt/6q0xuGQOYZWUDXnJ0028fWqqQCNssmpSupA9ef6i/A/pNxFs5cQveiYJEKw/kT61ZnC+0Nq/bFy00jqOo9R/PaoZhPo7tW7TXMQTdujXQlEEmTGUgnfr7Cq4GJu4W+/dXSroSCCdHXxM6GRB8a0aWo720zOr6Qbdyy7+O9pTatMy7yFG2hYxOtVni8deuXJYBmLbwZJnqRHv50OxPaXvwuYwQ0sBsQQQTrBgTMf8AupT2RtIbjZgGXKcvWd9juNjQdW251XpD6CiopMWFzI7iIY/WnLzjV2IiJ0iIbUnepthrFi2jMSt+2y8xOUkgDYjZh6fjQri3C5nk21H8/XpUcw+P/ZwRkDjPLAmAwMAgka6QdvPelA9QGyG33k6rTbae+iPhM7Rphc57h7lp11ACuoUSYjTYT+O/Spv2U7T4oqO+QtbA/vHOU/j8Xqfeoa+NTFWe5uEW7g1t3QpaApk5o1XQHU6ddKY8bxGJCqLr5gRIZQMjeSxMaAaHX5UYVav/AJsD+ZESrByltv3lx2eNLcTMpG5BAIMQSPxiR5Goj20cM9h22koSNCGMMhnpqG96r/BYq+Ct22QGUSZjYdNdD18/CjK9okxNs2rnKzCPLMNiPn0psN2lPY3P3nUaVSgwdh/UfWeMuMVaOJP1JEK32QTAVm6eXz8qneVWUFWXm0BI8fDWKrfB8YzW2w19EJEidj6hhuOvz9muExFzDZWW47Wi0DWcnqvUa7/u+dZxQsbHmbgbam5OOkmFrhX7QXsZJti5PeaAhgOaCN9NPKetDe1nZUKQ9jkAAEa5dPXUf111ooOGHE3Bfs3zYcqeVS+UzoDmBHl47jSnT8ey/UX0fNtOhzehA12oSuygA8y9ENUG5hnqPvK3S2UeCZYfgeka61POyv0glCLWJEpsrzzDybxqG9orZN0XBGU8qgbiJ0bzPt+dNjh5WSD4/wBHrTqVGp5itfS06jEGdD4XFq6hkYMp2Ip4lyqD7OdqL+EZRMqdCDtHn+vSrd4B2is4leQw4HMh3HmPEVoU6quJiV9M9I+UkyPSqtTBLlOLb0WLx4ppWabo1Kg1EkSlPpsQftVsH7Vs+4OnXzqvTh5krtGYDr5+3jpVl/Tjb+usE7FGB91+ftVc2EZSg3GuhiMw36R8tazNQbObTZ0qhqQuPy8PdjcYyXO5LMq3IIyyDnjkMgFtTpywTprUzF515UxFqyAT9WzWlZDPMCGDEc07kmq+tOr5dchVo/ejpr5fKKXOBkkm6JkzysfxA1qE1YRbMJFXRF2uvEIXsBbCOiLqBnB5uZGiCZGm/XLuNJOjv6Obo/b8OGMFGYGSAMvd3CNzJiDsIESdTTE4kAT8WTm0AMW3MmF1VIaYLEnmXSnHZ/CG3jGvqSFtWXuSJ1zQiakCRmdfULWvU7h3Djg/aYFEdqNjHINxf1/P4kv4/ePEMYLRJFi22omJIBLa9IAJJ2EE83ICC7a9qHgYbCqbOHAhEXRnUaFm6hSZ0O+pMnZy9wWMNcbTPcVhr9xAHuD/AK7mRPMWoqNcLwpuMqtJe5DnoYJCgT0HMNemprOrkk7Bz1/ieh0dNSO0b9o4+5kYvX2O5pEAmi3HuGG1c5A5RmIVmAAO53Gh0E6UIYtbYj4T+YpcLbEdOpQmwImzWzE6x49PenWHxrJBVj5j+f8ArTMXHZQASRPw+fWB4+lYASNq4iW3AyYcN42pzKwm02hU82RmganTMp1HqQCZymjV/AgrkzagZ7bfeU7CepB08wVMa1XOEvBHBM5SCrAblTofmNx5gVNuFYom1kYjPZugE/uPoWX91tG9qIBvG0wDN2Tbh8Y+4HwQub9tpUgB01OkyCN5y6ZdDoPDSn/DDh7LI1u4bQHK1vMpJuTrOaW9YMRrQ3iPFHtG3jLayVm3dXyaCR5QRPtQW8yXsTZxRVsmaH0AhSGXcTG486V2Zuv54S2otTyBnjp8fh1kp452lc8iyGLsvKMyhQNyJ1k5vA6VV+O4biL9240apMkwnKNZAJqY8VwV60GuYbKvRljMRAGY6ek1Hxgrkk3SxLfEDMEGCNNoPsatRqKvfPPrA9nVKhH9/l5SIDSCCfGfA1LOxPaM2nCvqAZ848qF8bwK22lQcrax4HqNfCQfRqF90ZBU+c+FOMFrJBJuoVPr5idD3jaxNubZGaJgb7HWeoMVAeL8HgswEydR4T/WtAOxnas2Lqi7JXrH4x51aTJhr5Fy2QV3MRJnxgb0nUVr97nx8Y7TKj9uVPp5SrsHhsuIBCsAwZRlnQkHcDpGb8D0ot+yKyBcwKrqB0B66b0d45wfrblWEsuUkdeWCNRp16VHb+UqFvqVaY762IZfA3EGjj0giNjQXBYi+DDJW7G5VbqfnE8JwO5iQQgCWwdSdzG5jqYn0qQcd7J2rmEW5ZtuQtqbZXmJEaDTU+hG9L8NxXeqLVtigy5jlgh0+33eU6memu5GkUT7PY9GsPb72LaMcqgm25BgiQDI1JG5k+1HojcQDiJfrDUu1h4W8pTWM71QO8VlI2LAq0eBncflS3D8erMM5IEwdfhHl6eFF+L2mNwsLjs6k5WkyfCZ6xp4a1Gcbh2VzIhjr5H+jTYKVOJzq+nNhwekmWGxj4d7cXDctSMwXM0WzGYrMHQfZ8RVo4fAW7lpbllxcUnMrR1ggj/LtVHcAx4V4f5j/SrB7HcQC38iXSUuD4ATlka5gJiYmY15fZesql+LHxENvcqHU46iKcT7PKBcZ0zK2kD7MHU7+h8qjvDuEuRcQ84Ta4CMuUDUMPw+XvYeOwNyHBuWlVmOYscp10ExObSOmulRtby2gbJuF1uOuR8uUHX4RJmcwYecdZpXtKpJDZl6dWiwy2egkbxPBLiGCsgfERzBSR9qNtNfKR40mO/wxV1kKdVYHT5EfDVh8S4e9kPdV80jUcoYlVCqMwG2nh86ri/jrrC5bWVtM092QOVuuwlZOpExrREdt2ORzFU3un/IvMsfst2/t3Yt3yFf73Q/8Xh6jT0qeWL07HSucbtltIXKwGuvh18ulSvsZ22uWHFrEEm2dien6Vp0tRfDTPr6O3eT5S8bT06RqB4DHLcVXRgysJBGxFFrD01EJV/04prhz05gd9tKrjDkmJOvwg+HVSOsf8IHTWrH+nN4GFMTzN+VVgmIA0GvTqBH5mPOsvVrd5taGoBSzDItqVhhpM7gAEfGJ2H+Y7V46BiT36f9TOD+VMbaO2rGPL0E/D00604ZFGmWesyeuvSkgApyY62+oO6LTVMUoY7stsyJAByMcrfECq6mZgnaNqlXZm3/ALNi51IayhMHVDcLAyeYzpqQNAIFRPF4dMr6rKtBIOaQdQQZ5o65RAjzFS3sOhyYqzuO5V1MLJ7p84nLuxUnxOkdK9ESwQqR8vzyt8J5WmENUMp+B56fW9/jNuMshVe8GYBFUqTHKwNxo8/rInxoPgVnFZmE25VfKWMiZI5ZA/KpBiri5BnnMbatHiULWtZHXJQrgc3rbsyxazAqgUaEamZ0bmOmk8tZzWLtfxm21RaekAOMW/qL8bvoTkZNA06aifIHY/rUYxiWmVgSDHw9CY2B6j/3RniqvcBy3EUiTzL5n4QBpvtJ60BTCuCi3HAziAIjNEkvB3genoaUa5a95hIu03De7mMGUMc1gXFVTrI0DabHx8qzCYUOxzOqCJLN/IDr5UWxnZ673avZl8ozXUUwYgEFY+IhWHnrQW5iFuJmJCgP8IGoBABg7dNqP+7InodHqFqJfrE8QoJOTVV6/wBeNS3sskup6XLUN6pov/gKjBxSsgRUCr1I3Y+J86sfgXDSiW2K6zJ9Mmc/i0eootEd+W1b2p++A7eOIuXAwlc7Zl6MssAR5wxHzNOTZu2sNdbDJ3ouHOCSM1orGYZftfCCI8aIYng2p0/WkcMtywdjlO42B9POhNTakxYcH0haNdNSgRv3D1hDhXHbWJtqXvorMuR0bQgxB1kBh8uvnRHEYCyyT34VsuUNykDoNPD51DO0XBwZxGHUHrcUdG05v3Sda87HYoXb5tOyxkzQV3uA6k7AGPxA2qlQjaTa8rsNMHbfHA84J7RYW49y2i88OViAObzPgcu3SKYca4HdwpHeqFz6rlJInqAYHl71OWwgfOWgmIzTGizl8yZ1B86E8U44L9q2jQ7IZYawCOUNI1jyGhnyq9JQKV4tV1Df9jj3yE47AcoIG8HTeaJ9lO1dzC3At2WTUEeIO/5UviMOQBlIgmDI0A9PGQaDcT4fpI+R/rrUI6uNrS9OutTv0ebZHSW/xzitu9h1vYc5gkAoIk5tAfQECg9nBd6FVxkzkhjGoGhbf93WoF2a7S3MOQjcyKT4yAxUkenL7k1bOGuYXGWCbYlzDZJGmgWB5aA+UmqOhDWb4GMpVDJ3Pj5QVwTI39pPbXJaColkLpAHeDMPM5FM+k7VFuxdi5icU7kZ1tI1wkAjWQATrrOpA8V8qJ4/D3sMjnPlS6e7ZTsQ2YDMD1idttKIdheJWbVi+igo0AtJ1ZSoGmmkGfka5FCkluLRJqTU27QHi0j3aZBbcgCIgmfWf6+dK8fwVq8mZXUPplGUksYEbbevSpH2psiw3eIuoUlc4zDWBykR+M71XFjiF2DC/WM0DrqxgBR0Enau0bgobQlctUYVSecjyg/FYUyQQQwJE7ajSnHD+IsHEkIwMgjSOulH+NWLjalBySGiJiR7/wChqOY3DZtt9hFFSotQWM6k5Yb156jxlk2eKLjLltxpeRVEAki4y7MFAgCCZ1EQN6J9pFY2gnx3dHdV1Fv94tl1II06jeqy4Tjipg6Rt1j0671OuBdqnRYdRdEwAOVoJ9CCNT5++gGDK+ePzM56W8BkyPDwhfHY9Hw3K2aRBJiZ6gx6Gqzx1+9bfvbYzL9oGSrZYUgj5k1ZOI4baKXMRaIKOQ5UaAMBDabDppvMz0oFjuzIdYtsTZLByoAkMSJOvQidKGp7OoSwx9o8Q1XTAJgg5jbgmMt3kAYOgJkqRHTxjVTprQftCF70hYHWBsP60q18HgsNibcZAGUZYGhBEggT0038CDVXcY4Sbd+WEIzMqMJIJUmQ0ahpB9RVla5+kgLuHn1ks+jjtEVYYe5oCRk12aNRr4kbedW1gXmucEZlbQwQQ0+BG23Wr+7LYvvbSPEZkB+ZE1o6WqWBUzI9oUAhDjrIf9NyErhiOjt/41U+GvookwNSD6EfyirZ+nRyuHsEf4senKxn8KpRBLSdzXVaBdjfiUoakUkAGTCx4mdMo1Mb7BhodOulaqniW96bWkp6g0qFoonAkVNTVqHJ+UMcb4UcOvI7ka27olQZzSJCyFDAKQCZ300ot9HF5nx9kDfu7ixO65CwSCYA0/GnNi7avWiM0W/7lmZICEBjYbRclokEqQudzJ11pH6MsK1vi1tGBBUXNwQf7ttSDqNCPepBKsNpwZBVWU7hkQ5xzh5VHCiTYJdd+bDvAJ16rC+z+FR3hFxgb1oZcsSCROrAEiNIg6amrZ4zhMlzvVjQk6/CJ+MN+4/U/ZOuoJqu+0XZ9rbG/hgci/FbPx2ZMw0bpMkOJH51SvSIbePjIZ+0o9n15H3gs4XIwBmGOaNIVfPzifSgOPGa/cunXmZV8FRCVAX1yk/OjF7ifdo2dSrlWGwYEmMpDDQgQPYVF7Lhc2smZ3MR5fMk0mRg7YuukqqjMRxiTDgvEAHyE5cw6jYgZZHjpuPCd4qC4uxqyqIAZpMcpYEzljQDYAUviL+ciOhBnXf+XXWl8Lgbt1hatKxzEQiktJ9BvVlO0Zmn7N0jKpdsXivZDhJv3woWRoSB4TED1JAnz8Jq4LdoM6215gk5m6M0y7DyNzQf8LVHOBcLGEXIhz4i5ykoRyxoyWzsWEkNc2QSBzaGb8K4f3aAGM2maBAkCAFHQAaCn6CEC55MDrawdrLwOP5iF7BA9K0fhKupVhofw9KMi1S6WaYsDzEQSDcSu+J8FfDnMuqkR5EdQR4x/wC6jeL4Fmi9hGNu8upUfa8cs+R8/SrpfDgghgCDuDUN7Qdn2tHvLeq6+q+R8R50hX05XvJx4Ta0utFTuVOehkD4zdxCWioQLAAywWkZdeYkAmdgfCotbvllzWlCxrcj4gs6nL0gE67VbmEsWcXbaxdWXKwVgBWEbT4/pVfcc7I3cLcZQO+t5SApJzLOgIO+k7TQVdbd/wCE6vp7ta2Oo+/mIQ4LhABOdiVmZygeA0ihXaYWrYUkznOp8Drv49KPdluGJftsXLl1+OZtiZ2UDcaHX+g17QcCz2/iLBDIXTbx03IpJXAezTQp06fZk0haQXG4LIwYEFT+R6+dHeBpdRptkz4bU4wPBDlCgljnACQSyn7wPVYqf4Ts4A0gVpUQKylTkTM1Ldg4dMGDbNy1ihlxGbMpBUNEB4jUHU6dT40P4pwhra3VWZfQ5eoEMPQbe1TnGdm0vLqMrgQGA/A+IqP4hb2HPd37cp0bceoPzPv8qDWovSHiIehqadfBwfD+JE7jXXzDvi2mquSQD1idjp70s9+2mGtGEW/YfUZdWRpXSdGcAgxMb09v4dBL22BnY7dOpNAcdfYhiQG8dtaUVgTbpHuwXZttiWFa4xhhhiVSFS2cw6kATJJ1nSZNVTwlv2i44gKSxZRsAS0x5UZwuJF1MmU6rlaT8wIG4Pt70rwHs9cbEAqOsmJgidZjYUdBg35gqhCsCOBzGPD+BNcBIGqNB8fL+ftUgt9m7mSVBMdB8XnHjU74F2b7sMWIZnMnSBAmNyehqQ2eGqNhWilAOg3jMxX1ZSqTT4lH43MqhJIBMvpvGmuuvT0PvTvg/aA2yFZ4UqBzTpBjQ+H9T0q2OKdl7N8cywfvDQ/PxqF8T+jJyfqypHsfbaln0bA4yJqUfadJh3sH0h/hGItZe/BXVYkGeu+nn1qEds7TwotAse+N3TXfNJA9TtR7g3YLFWCO7uZfEEypnfTbw13o7g+wssXxDAkiMqZoA9Tr7AVH6V8WEq2uorcg3Mp7GsyDmQiTOog79Z2+dX92RwwTD21EaIu22w2qKdo/orS+PqLxsknmzA3FI12BYEGT4/KpV2K7NtgcOLL4h75BnM+gUacqDUhR0BJ3+Qa09Fqd90zdZqlrABZE/pzT/ZLR8Lw/FWqlhbA21q7fp3T/AGBT4Xk/mP51R+HuaUZoksfIuk0ui6U2RhEUst0UOEkxxWFw9wHurqW2S9JuLncsrmc2kF3XQQigAAmdRUl7GjEPxZ7l62hhShuBVAQ5TlAysQGYAzuaiTWJD3LDuj3FlgrZVNq5oVIBPdqG3LsCdNKkP0dY9/7QtWnQBlstbY5s05BKZQRyKACBl3nc0vQrpUIHB8IzVpsoPWWjit6CYjhjCDZgZdlJKxO/duNUH7pDKfCjmIGteKlaERBkA4nwXDt/fWnsHqwGRfUlQ1kzvvb9Kj97sdhnOZcUpH/8PzF/+VXF3dN7uBRt0U+qg/nS7aamxvb7fSN09ZVQWB/PjKhtdmMEpIbEd4R9hMhb/wCprrf5KkXDeD3Iy4awLCEQblwEMw/4Qe8f0Jtqeqmp6mGA2AHoIrbu6lNOim4E6prKjizGBOE8Et2JIlnIAa40ZiBsogAKo6KoAHhRNUpcpXoSjARUm/MTRKWVa9C1tXSJkVo60qKwiunSC9pOzpQm7YkDwH2f9PyqPPxolSt5ZZQBMAk+JJncAfhGlWy1uo1x/sVZxGom2/iux9RSOo0m7KfKa+k9oBbLW46HqJU2KuoXYq7ZYkwzKTAMzliY8K14HZN5hZS4/NpJYmIMzBmdpNS1vopuZv8A5C5f+Az/AOVSrsz2Ls4MEqWd2+Jm/IDp+NApaNwbNxGdT7Ro7TsNzBvZ/swtnUku33jGnoKlGGwoFO0w4FLLbrTRAgsswnqM5uxzERZpPE4FHUq6hlPQiaeha2C1eUEr7jXYQ6thWA35H+HXw9h+tQXiHZfFKSGwzjckqCwnyOulX7krXuhSj6OmxuMHymhR9pVqY2nI85QnZHszfuvKI2hhmZeQREgk9ddhrrVtcI4ItlYG5ifDToPKpEbda93V6WnWmb8mD1OsevjgeEbW7VLKlbhK2C0eJTUCtwtZlraukzyK9rKyunT0CtgK1BrYGunSvfpwSeGt5XE/81Fc/wBo10V9Mazw275FT/nWudgtVYSRHtmnOUeNNbINOFT0qlpa8lth7LXLlwcgAHIe6AKto8SCARpAVSRBp/8ARniM3FlYuXzC7zEkloVgN9fhFDX4jZQgKsqSJy5lXu2GW4jH+8uRsJYAydNa0PCytxWwrNbuK+XMX2YibZzIMqlhy5AWJk1j0nFN9zCalRdykCdAXMp6ivAB4iqa7O8f4jcZ0e9cG6h2tpCXFlistkUMQPtHTXQ0phu1uLuX2sh2WVypIW5FyBqQlqXmDAGUa6mBWwtZSAfGZxoMCfKXGI8RXuniKqH/APIcWdBe3SSYtclxZzq7khEHWOdoA2mgY7cY5A3eOWaQU+BUCa/GoXMZ9RtXGsoOZy0HYEiXzA8RXmUeIrnc9ueIkn6+BO2VNJOg1X+op/wrtRj7veocVlZULhitrQLuAWKoJkGSG8hUCupNpJoMBeXzkHiKzKPEVTFvjeNufDfuA3LWa0MogsujhVNrPdO3NCoIboKbDtFxG2LOe4Lodw/JzEqYm0xRYkbkKCwnermoBKikTLwyjxFZA8RVPL2gv3mxFuzibmZedDkCcgHMqq8hACRL3GnXQUli8TxG4ynC4tsj2y6BgCWygSqk2gbja6lVyjXWBXdoLXEjsz1lzwPEV7p4iucW7TcSAk4q7rMEqkGDBAIWNDWHtNj5g4q54g8uvj9nX/ShHUoI3T0FRxgidHyPEVmYeIrm4dosfMDFOfUgD3ipD2XxmOuLN3EnJcBVGJDOjDxAdVtzsGuaaaDWrJXVjYSlbRVKShm6y8Mw8R714cviKo/A4nHsCrX2Km4baXQ4/vOuUIpa7tAAGUFt/CN4vi2PRij4m8GGhGbY9RpoY8q41gBexghRJxcTpPl8R71kr94e9c54bimKYFv2q7KmSpuMJXrCg5iR6gRFZ+24tg7Li70JB1ZhodJMkga9JJ/OiqbgEdYux2sVPTr0zxOi86/eHvWd6n3h71zQuKxx1OJvCRmE3HBYfujrTv8AasSB/wDJvHTMPrCSR1DQ5VfHWT5VKXbNpDuqYvczozv0+8PevDibf31965tbE4jc4m6AIfW7cEr1gkgtHkI3phd4vdVzF680SP7xv1In3qzLtAJ4lEq7iQBkC/55zqA4u399fcV4cba/xF9xXKjY/ENveugeAuP085pWxevH/e3P43P86C1QCMKhM6k/tCz/AIi+9ef2jZ/xU965auPeE/W3P42/Wk2uXZX625BH333HzrhUBnFCJ1T/AGlZ/wARfes/tKz/AIi+9ctM90f725/G360hiMReBH1t3+N/1qwe8gqROq/7Tsf4i+9Z/alj/EX3rlK7ib+hF67/ANx/1rdMXf8A8a7/ANx/1q1xK5nVP9q2P8Ra8PGsP/ir+Ncvrjb4/wB9d/7j/rW39oX9++u/xt+tRedmXR9LHGbLYB0VwxYqABv8QP5A1RndxTh7jPq7Fj5kn861I96gmSJpb3inQWK1w9vXXeneX1qpMsIfsrh7ai5CmIIZvrCxXR0yfAm8jPJgCRSvB7dtmuXc/dgsVObKCggsrhgMxOYCcir6imXDYuWnRwT3ZVgA2SLc8/xNAmdwrMSPSntrilm0r20UPmzJySiEEyhZ9HuxMGcogDTxwnBuQL3+014T4DhcuHZjcGua8jwYtXUI3e4Qmdt4UM0QNBTHEYm5aslMRZJu3LovKz5RodczADM+aGEMYg7U/YWFwWxCOBlbnuFbgMXMzEBbc/EVQMYUSdYrztDgIwwtlme5Y1AK5Wa0ROfu0UlREktcaeXbWtOxC48Ipcbs+Mh3E+I3bz/WMcuYsEHKi5t8qDQaU9K5Gti4S9sdCACVbbc6HaJ1ApjgVzOCRmAMka7ddjPn8qLY8DRGBKltxkEA7AAaLqZ1J3HhFI1WJaxmjQUBCR5RtieHoA0HWZUTKlDsVkS22+1I8Lc4fE23YDkcTqp3GvMVYdd4MdNaeD4nZSGEZSC5M+WhBZR7Vp+0wq5gZIymZIKHqCBoOkKJ0OutVSoynxhalKm/l9OY+x3FbNtnFgC59bmVssIVb41uFx3t0asNWC67UPwHHbq3rd0uYQkKoYooRjLIuT4FMn4YrVsAsNGhU8xJ0AO0gCF9JJpG7gXUHlJjU6HQTuZ2kAGmP1O43vFDpCg4vJdxDhNi6l90thS6i9acsuqzBWc+RYYSRLuc+sGh+I4ZiFTD2bBa6r84K2wrkEajU5+7Ckjnyg66RS/Zvin1Ww73DnMjG4EiyZzLnd+UEMRFtc06zWuO43ZQMlqLv1guoQCllWb4g6v9Ze8OdvtHSmiVI3RIBwdvMxFs3ke1ldkw7BlFxkVjb0Dg3M0IJzQltSSTNa8Q7JkX2W2cisC1tTbfPc1+FLfM0fvNGgnakeGuMS91LkC5cBYMFtrzJ8K6iVBM8tsZiQN+hZLN+21hLTC6om44ZURp1zi8c2cKASv1hExtFQAGGRLXZGwZE34ZdCm4bbBAxUNBy5tZAOxiDIG1SXhduzbwgLNce06k3F3yXfhzd0jhVnQBrhJ0BC7U5t8XS8L9tstpAc9sXGGUQQWXlWTqMwt2wg+KTtW3GMV/soeyqm1eQBpAi20RKW7Z7u0SIABl4Gu1cqqtyPCS7s5s3jGfZ/AjugAxZcQcjAjLlcRlAFubt2CCPspJ1OlNO1WBYqt3KBkPc3AoGUOumuRRbUnfKpYxuaKcPxVtmGEVO7N60M9vJcVVuKJByAl7zQZ5yqiJNEDYFxZvBQHU2XY5YS8gMTcFvJbzRGS0Cfh11q+0FLCD3ENcyD4bFoMhykEcjiAENs+IDA3G68xiRtFK4jDW8rqMgZDIbMCWDbc2aCRtlRT40xxid2zowykEghhBHhIO3TSmB42bbHuSZIyyNNDvrXJXLd1hcfSDqaZV76Gx59+bwliEa0Rk1Uc0FYJUgGWCnNETox8NqZYnjKwAmYlWlJ+HKdSMklV1k9enhQ6/ce4qg6AToBEyZMkfF862Fjaj9oR+316RfsQ2W58uuevviN669w8xMDYToATMedK27G22vnrS1u2JPoNvQU67vSR0oZYtkwy01XCiNWtAetOcGokCJrS8vgK9w2h1qrLcSytYxa+nNooEimuKtnlnLoRt5yP0oubMw05dfKm3FLS92SGkyD7EGfzodM5hKg5jBYNa43D/AJV4kfOlcQ0j8KatYxW+I0FqlLeFaJygA7ZmVZ8xmIkelboNafdyrwSGUkBcwKwSoCiFaJMZdm9qtIjK5aOmmvkZ2Ek6eVIG3pUisW7SA5nOYLtl2aQwmDoYgFfEHWh1iwhOVbmjHLtEqIZdzGrAaHqAaqDaSRBi2W0OwMwfTf8Al7it7amQTRvBYe2CwuKwQDnncMDybDQnUR4FvCm2NKsxcPmZtxlIiAADJ3JjpU3vItG+USaURtP9aRX+VbLt0rp08tCSdNZn+f408wNou6IsEkgLMBZ3GYnQDeSfOsrKyxm012FiZNOP4wFbLMi3LTuBcJLxnXlYLcVQAscxFpfsjU0/w/IRbEAH6vJ3ZAa3c1tumGEM8ExnvN+deVlOLz8omw7o+Mhv7E1q7dGmVHyNzA6HdeQ6mCZg9DTlgQw2KqMs8gyg/DEZoOp6ExWVlZNU98j4fSbOnH/GD8frG9z6m4SdFeF8I21g6aeY0mYmlmAMZxJU9ddDorQSD82gabVlZVGyA3Uw6csvQH/cQFjLnKkSdNlMDplbqT+74HWvHdkVO8TXY/AdIMDKRGbUGWnp6VlZVhlrGUburdZ5cwqNPwjJoSDmHMdMzTqY0hR40i2AZRIkgTqAfh0IY6cs6nX+dZWV3aMpt+dJHYrUzx/Zm2CxhtOrqWVlM8rEHqIBBkSJHzqdCHCFGVyw7+yFAIt3PidTbLG3bkAHPdZm+LSaysrToZJEx9RwDGHH71oWWYoYvEOjhZ5tM4e66hrkTMJlWXbXStEuWcPZIS5ca3lDW3BLvbuyGjMGFqwSdTAdgAdaysqxOT7pUC4Hvm4bDYlrbOqF79oovMMy3RqZD3Jk6jvLpJJXRdqj/E8ccLayWcQr3WdhcULz2SjEHKxMrJGpGUnTcVlZU427rZlCSDtviRbimKfEXDcuKqk/ZQZV0HhMz4zXi4QRIGn5V5WVeCMcWLUg+XidxTu3Z5CfCPasrKhzLJEisEeY/Wl7TmCuu0VlZUdJbrNbjyNvXSk7J/XwrKyp6Sp5hbDgMpk/0KacRVTbYBiZXpO8H0rKyhqMwjG4gcGlLprKynInMDfl/KllvOF5XYeIBInpqBvXlZUGSJmDYRBka173WpFZWVU4MkZEVe85ADEnLoASSB6DpSaKJrKypE6aVgf0/GsrKmRP/9k=
27	Cup Cake	50	7 minutes	Snacks	7	https://images.unsplash.com/photo-1550617931-e17a7b70dce2?w=600&auto=format&fit=crop&q=60&ixlib=rb-4.0.3&ixid=M3wxMjA3fDB8MHxzZWFyY2h8Nnx8Y3VwJTIwY2FrZXxlbnwwfHwwfHx8MA%3D%3D
26	Brownie Tiramisu	200	5 minutes	Desserts	7	https://plus.unsplash.com/premium_photo-1695028378225-97fbe39df62a?w=600&auto=format&fit=crop&q=60&ixlib=rb-4.0.3&ixid=M3wxMjA3fDB8MHxzZWFyY2h8MXx8dGlyYW1pc3V8ZW58MHx8MHx8fDA%3D
38	Canned Coke	120	2 minutes	Beverages	10	https://images.unsplash.com/photo-1572490362434-f3bc9c3f2e0e?w=600&auto=format&fit=crop&q=60&ixlib=rb-4.0.3&ixid=M3wxMjA3fDB8MHxzZWFyY2h8M3x8Y2FubmVkJTIwY29rZXxlbnwwfHwwfHx8MA%3D%3D
33	British Cuisine	9500	100 minutes	Breakfast	8	https://images.unsplash.com/photo-1563636247809-c76f873625ee?w=600&auto=format&fit=crop&q=60&ixlib=rb-4.0.3&ixid=M3wxMjA3fDB8MHxzZWFyY2h8MTR8fEJyaXRpc2glMjBmb29kfGVufDB8fDB8fHww
39	Espresso	250	4 minutes	Beverages	10	https://images.unsplash.com/photo-1579992357154-faf4bde95b3d?w=600&auto=format&fit=crop&q=60&ixlib=rb-4.0.3&ixid=M3wxMjA3fDB8MHxzZWFyY2h8NHx8ZXNwcmVzc298ZW58MHx8MHx8fDA%3D
42	Orange fresh juice	350	6 minutes	Beverages	10	https://images.unsplash.com/photo-1618881158808-8a20f18d516e?w=600&auto=format&fit=crop&q=60&ixlib=rb-4.0.3&ixid=M3wxMjA3fDB8MHxzZWFyY2h8M3x8b3JhbmdlJTIwZnJlc2glMjBqdWljZXxlbnwwfHwwfHx8MA%3D%3D
35	Chardonnay chicken	12000	150 minutes	Dinner	9	https://images.unsplash.com/photo-1445865303228-f3c2d519aa97?w=600&auto=format&fit=crop&q=60&ixlib=rb-4.0.3&ixid=M3wxMjA3fDB8MHxzZWFyY2h8Mnx8Y2hpY2tlbiUyMGFuZCUyMHdpbmV8ZW58MHx8MHx8fDA%3D
11	Sashimi and Sushi	1200	45 minutes	Dinner	4	https://images.unsplash.com/photo-1546530785-86397501ae20?w=600&auto=format&fit=crop&q=60&ixlib=rb-4.0.3&ixid=M3wxMjA3fDB8MHxzZWFyY2h8MTB8fHNhc2hpbWl8ZW58MHx8MHx8fDA%3D
1	Cheese Burger	150	15 minutes	Breakfast	2	https://plus.unsplash.com/premium_photo-1667682209935-b6c87cced668?w=1000&auto=format&fit=crop&q=60&ixlib=rb-4.0.3&ixid=M3wxMjA3fDB8MHxzZWFyY2h8MXx8Y2hlZXNlJTIwYnVyZ2VyfGVufDB8fDB8fHww
8	Blueberry Waffle	150	15 minutes	Breakfast	3	https://plus.unsplash.com/premium_photo-1664478298438-360c93ff1e51?w=600&auto=format&fit=crop&q=60&ixlib=rb-4.0.3&ixid=M3wxMjA3fDB8MHxzZWFyY2h8OXx8Ymx1ZWJlcnJ5JTIwd2FmZmxlfGVufDB8fDB8fHww
9	Cinnamon French Toast	90	15 minutes	Breakfast	3	https://media.istockphoto.com/id/2153023491/photo/french-toasted-with-butter.webp?a=1&b=1&s=612x612&w=0&k=20&c=ib96gba9RchxOP21K_Qh00BHv062iu6oQ-3t1I7879o=
10	Chocolate French Toast	90	20 minutes	Breakfast	3	https://plus.unsplash.com/premium_photo-1699988021628-6538988bb392?w=600&auto=format&fit=crop&q=60&ixlib=rb-4.0.3&ixid=M3wxMjA3fDB8MHxzZWFyY2h8MXx8Y2hvY29sYXRlJTIwZnJlbmNoJTIwdG9hc3R8ZW58MHx8MHx8fDA%3D
16	Cookies and Cream	75	5 minutes	Snacks	5	https://images.unsplash.com/photo-1620416328815-21832718385a?w=600&auto=format&fit=crop&q=60&ixlib=rb-4.0.3&ixid=M3wxMjA3fDB8MHxwaG90by1yZWxhdGVkfDN8fHxlbnwwfHx8fHw%3D
29	Indian Traditionals	7000	120 minutes	Lunch	8	https://images.unsplash.com/photo-1672477179695-7276b0602fa9?w=600&auto=format&fit=crop&q=60&ixlib=rb-4.0.3&ixid=M3wxMjA3fDB8MHxzZWFyY2h8NHx8SW5kaWFuJTIwVHJhZGl0aW9uYWwlMjBmb29kfGVufDB8fDB8fHww
31	Chinese Cuisine	9500	100 minutes	Lunch	8	https://images.unsplash.com/photo-1710508787399-e3dc878838a8?w=600&auto=format&fit=crop&q=60&ixlib=rb-4.0.3&ixid=M3wxMjA3fDB8MHxzZWFyY2h8Mnx8Q2hpbmVzZSUyMGN1aXNpbmV8ZW58MHx8MHx8fDA%3D
34	Congolese Cuisine	10000	90 minutes	Lunch	8	https://plus.unsplash.com/premium_photo-1695297516794-8bc77890e35c?w=600&auto=format&fit=crop&q=60&ixlib=rb-4.0.3&ixid=M3wxMjA3fDB8MHxzZWFyY2h8MTd8fGNvbmdvbGVzZSUyMGN1aXNpbmV8ZW58MHx8MHx8fDA%3D
30	Korean Cuisine	9000	100 minutes	Lunch	8	https://media.istockphoto.com/id/1366953086/photo/korean-dishes.webp?a=1&b=1&s=612x612&w=0&k=20&c=rK5tgyOnYTJKB2IGlhO1VZWEtt6xqr9gFgzsqmK2gN0=
32	Italian Cuisine	8000	100 minutes	Lunch	8	https://plus.unsplash.com/premium_photo-1723662129814-99431b2f57cd?w=600&auto=format&fit=crop&q=60&ixlib=rb-4.0.3&ixid=M3wxMjA3fDB8MHxzZWFyY2h8MXx8SXRhbGlhbiUyMGRpbm5lcnxlbnwwfHwwfHx8MA%3D%3D
40	Milk Shake	450	13 minutes	Beverages	10	https://plus.unsplash.com/premium_photo-1669687173644-21c1381f9183?w=600&auto=format&fit=crop&q=60&ixlib=rb-4.0.3&ixid=M3wxMjA3fDB8MHxzZWFyY2h8MXx8bWlsayUyMHNoYWtlfGVufDB8fDB8fHww
41	Lemon Tea	400	10 minutes	Beverages	10	https://images.unsplash.com/photo-1604450655696-bdb0b1993bf7?w=600&auto=format&fit=crop&q=60&ixlib=rb-4.0.3&ixid=M3wxMjA3fDB8MHxzZWFyY2h8M3x8bGVtb24lMjB0ZWF8ZW58MHx8MHx8fDA%3D
43	Chocolate combustion	800	17 minutes	Desserts	10	https://images.unsplash.com/photo-1627385006598-6b7f89f20876?w=600&auto=format&fit=crop&q=60&ixlib=rb-4.0.3&ixid=M3wxMjA3fDB8MHxzZWFyY2h8M3x8Y2hvY29sYXRlJTIwY29tYnVzdGlvbiUyMGRlc3NlcnR8ZW58MHx8MHx8fDA%3D
44	Oreo Crazy	500	20 minutes	Desserts	10	https://images.unsplash.com/photo-1541658016709-82535e94bc69?w=600&auto=format&fit=crop&q=60&ixlib=rb-4.0.3&ixid=M3wxMjA3fDB8MHxzZWFyY2h8M3x8b3JlbyUyMG1pbGtzaGFrZXxlbnwwfHwwfHx8MA%3D%3D
45	Tacos De Papa	300	15 minutes	Snacks	10	https://images.unsplash.com/photo-1624300629298-e9de39c13be5?w=600&auto=format&fit=crop&q=60&ixlib=rb-4.0.3&ixid=M3wxMjA3fDB8MHxzZWFyY2h8N3x8dGFjb3N8ZW58MHx8MHx8fDA%3D
36	Sauvignon Salmon	11000	150 minutes	Dinner	9	https://media.istockphoto.com/id/183879109/photo/pasta-with-salmon-scallops-and-shrimp.webp?a=1&b=1&s=612x612&w=0&k=20&c=TFXv_ar2BW25shTv7DCRFGRgEHhJB2r7LC70EJ-fx_A=
37	 Chianti Bolognese	13000	120 minutes	Dinner	9	https://media.istockphoto.com/id/514273121/photo/spaghetti-dinner.webp?a=1&b=1&s=612x612&w=0&k=20&c=TEKw2s3qJ2-OshluXZXvTyl6jMDWJyhaUvECt-Wd9OY=
12	Nigiri Sushi	700	25 minutes	Snacks	4	https://images.unsplash.com/photo-1599570340442-844ea773ef96?w=600&auto=format&fit=crop&q=60&ixlib=rb-4.0.3&ixid=M3wxMjA3fDB8MHxzZWFyY2h8MTZ8fHNhc2hpbWl8ZW58MHx8MHx8fDA%3D
13	Maki	650	30 minutes	Snacks	4	https://plus.unsplash.com/premium_photo-1664648184107-0e49c1d43668?w=600&auto=format&fit=crop&q=60&ixlib=rb-4.0.3&ixid=M3wxMjA3fDB8MHxzZWFyY2h8MXx8bWFraXxlbnwwfHwwfHx8MA%3D%3D
15	Temaki	900	45 minutes	Lunch	4	https://media.istockphoto.com/id/480638757/photo/temaki-japanese-food.jpg?s=612x612&w=0&k=20&c=2dCz2pHpnLdP7tZJf5kZ_2pkDI2K7bl2Rtn423KF25g=
14	Uramaki	650	30 minutes	Lunch	4	https://images.unsplash.com/photo-1558985212-92c2ff0b56e7?w=600&auto=format&fit=crop&q=60&ixlib=rb-4.0.3&ixid=M3wxMjA3fDB8MHxzZWFyY2h8Mnx8bWFraXxlbnwwfHwwfHx8MA%3D%3D
49	Frozen Yoghurt	380	2	Snacks	1	https://plus.unsplash.com/premium_photo-1663855531486-b8574bc255e0?w=1000&auto=format&fit=crop&q=60&ixlib=rb-4.0.3&ixid=M3wxMjA3fDB8MHxzZWFyY2h8MXx8RnJvemVuJTIweW9naHVydHxlbnwwfHwwfHx8MA%3D%3D
51	Pepperoni Pizza	800	17	Lunch	13	https://images.unsplash.com/photo-1534308983496-4fabb1a015ee?w=600&auto=format&fit=crop&q=60&ixlib=rb-4.0.3&ixid=M3wxMjA3fDB8MHxzZWFyY2h8N3x8UGl6emF8ZW58MHx8MHx8fDA%3D
52	Mushroom Pizza	900	20	Lunch	13	https://images.unsplash.com/photo-1692737580563-7ba2d896f0f6?w=600&auto=format&fit=crop&q=60&ixlib=rb-4.0.3&ixid=M3wxMjA3fDB8MHxzZWFyY2h8NHx8bXVzaHJvb20lMjBwaXp6YXxlbnwwfHwwfHx8MA%3D%3D
53	Hawaiian Pizza	1200	13	Snacks	13	https://media.istockphoto.com/id/1024909814/photo/close-up-of-tasty-hawaiian-pizza-with-ham-and-pineapple.webp?a=1&b=1&s=612x612&w=0&k=20&c=YEZwE2IBx-mthX5B62sI7F6gf9H4xhEck5PBrYA8tRg=
54	Ice cream and Marshmellows	400	7	Desserts	14	https://images.unsplash.com/photo-1635748501948-fd6ef8ca7812?w=600&auto=format&fit=crop&q=60&ixlib=rb-4.0.3&ixid=M3wxMjA3fDB8MHxzZWFyY2h8NHx8U3dlZXQlMjB0cmVhdHxlbnwwfHwwfHx8MA%3D%3D
55	Macarons	250	3	Snacks	14	https://images.unsplash.com/photo-1681589211919-4d74ed4871c1?w=600&auto=format&fit=crop&q=60&ixlib=rb-4.0.3&ixid=M3wxMjA3fDB8MHxzZWFyY2h8MjB8fFN3ZWV0JTIwdHJlYXR8ZW58MHx8MHx8fDA%3D
56	Chocolate covered strawberries	350	8	Desserts	14	https://media.istockphoto.com/id/538690851/photo/homemade-chocolate-dipped-strawberries.webp?a=1&b=1&s=612x612&w=0&k=20&c=IMuHPyadIonUS7NZbvV7UzWY70GgSQ3bQsgDmvGOwTQ=
57	Burger with Fries	650	8	Snacks	15	https://media.istockphoto.com/id/495204032/photo/fresh-tasty-burger.webp?a=1&b=1&s=612x612&w=0&k=20&c=qJnewgOMl_nubyOpEbiMq4ygka_ZRYTH2nC7N3KFGB4=
58	Chicken Burger	300	3	Breakfast	15	https://plus.unsplash.com/premium_photo-1683655058728-415f4f2674bf?w=600&auto=format&fit=crop&q=60&ixlib=rb-4.0.3&ixid=M3wxMjA3fDB8MHxzZWFyY2h8MXx8Y2hpY2tlbiUyMGJ1cmdlcnxlbnwwfHwwfHx8MA%3D%3D
59	Burger, Fries and Coca cola	700	4	Lunch	15	https://media.istockphoto.com/id/178263194/photo/burger-french-fries-and-cola.webp?a=1&b=1&s=612x612&w=0&k=20&c=2T36gVToo19pMspv7YSoXzhZXjeCbBS-F0acfaBd8lE=
\.


--
-- Data for Name: order_items; Type: TABLE DATA; Schema: public; Owner: karimi
--

COPY public.order_items (id, order_id, outlet_id, food_id, quantity, total_price, tablereservation_id) FROM stdin;
3	37	1	1	2	10	1
4	37	1	2	1	5	1
5	37	2	3	3	7.5	1
6	38	1	1	2	3	2
7	38	1	2	1	2	2
8	38	2	3	3	7.5	2
9	40	1	2	1	350	2
10	41	2	1	1	150	1
11	42	13	52	1	900	1
12	44	4	12	1	700	2
13	45	4	12	2	1400	2
14	46	9	37	1	13000	2
15	47	9	37	1	13000	2
16	48	14	56	1	350	2
17	48	14	55	1	250	2
18	49	14	56	1	350	1
19	49	14	55	2	500	1
20	50	13	53	1	1200	1
21	50	13	52	1	900	1
22	51	13	53	1	1200	1
23	51	13	52	1	900	1
24	57	13	53	1	1200	2
25	58	4	13	1	650	2
26	58	4	15	1	900	2
27	59	8	31	1	9500	1
28	59	8	34	1	10000	1
29	60	14	56	1	350	1
30	61	14	56	1	350	1
31	62	13	53	1	1200	1
32	63	10	42	1	350	1
33	63	10	39	1	250	1
34	64	13	53	1	1200	2
35	65	6	21	1	105	2
36	66	14	54	1	400	1
37	67	3	10	1	90	2
38	67	3	9	1	90	2
39	68	6	21	1	105	1
40	68	6	22	1	110	1
41	69	8	31	1	9500	1
42	70	13	53	1	1200	6
43	70	13	52	1	900	6
44	71	13	51	1	800	15
45	72	14	55	1	250	3
46	73	14	56	1	350	14
47	74	15	58	1	300	15
48	75	9	37	1	13000	15
49	76	14	55	1	250	15
50	77	6	20	1	110	1
51	78	6	22	1	110	15
52	79	6	21	1	105	15
53	80	6	20	1	110	15
54	81	6	21	1	105	15
55	82	15	59	1	700	13
56	83	9	37	1	13000	15
\.


--
-- Data for Name: orders; Type: TABLE DATA; Schema: public; Owner: karimi
--

COPY public.orders (id, customer_id, status, datetime, total, tablereservation_id) FROM stdin;
37	1	pending	2025-03-05 18:30:00	22.5	1
38	6	pending	2025-03-05 18:37:00	12.5	2
40	7	pending	2025-03-04 15:07:00	350	2
41	7	pending	2025-03-04 15:09:00	150	1
42	7	pending	2025-03-05 20:13:00	900	1
44	7	pending	2025-03-05 20:16:00	700	2
45	7	pending	2025-03-05 20:16:00	1400	2
46	7	pending	2025-03-04 15:17:00	13000	2
47	7	pending	2025-03-04 15:17:00	13000	2
48	7	pending	2025-03-04 15:39:00	600	2
49	7	pending	2025-03-08 22:11:00	850	1
50	7	pending	2025-03-04 18:42:00	2100	1
51	7	pending	2025-03-04 18:45:00	2100	1
57	7	pending	2025-03-05 03:48:00	1200	2
67	7	pending	2025-03-05 10:42:00	180	2
68	22	pending	2025-03-06 18:26:00	215	1
69	7	pending	2025-03-05 15:55:00	9500	1
71	7	pending	2025-03-05 19:36:00	800	15
77	7	pending	2025-03-05 20:42:00	110	1
78	7	pending	2025-03-05 20:49:00	110	15
79	7	pending	2025-03-05 20:54:00	105	15
80	22	pending	2025-03-05 21:26:00	110	15
81	7	pending	2025-03-05 21:31:00	105	15
82	7	pending	2025-03-05 22:18:00	700	13
61	7	confirmed	2025-03-05 09:27:00	350	1
59	7	confirmed	2025-03-06 08:43:00	19500	1
60	7	confirmed	2025-03-05 09:27:00	350	1
58	7	confirmed	2025-03-06 09:38:00	1550	2
62	7	confirmed	2025-03-05 09:31:00	1200	1
63	7	confirmed	2025-03-05 09:33:00	600	1
64	7	confirmed	2025-03-05 09:45:00	1200	2
65	7	confirmed	2025-03-05 09:47:00	105	2
66	7	confirmed	2025-03-05 10:00:00	400	1
83	7	pending	2025-03-06 08:20:00	13000	15
70	7	confirmed	2025-03-05 19:25:00	2100	6
72	7	confirmed	2025-03-05 19:52:00	250	3
76	7	confirmed	2025-03-05 20:30:00	250	15
73	7	confirmed	2025-03-05 20:03:00	350	14
74	7	confirmed	2025-03-05 20:05:00	300	15
75	7	confirmed	2025-03-05 20:17:00	13000	15
\.


--
-- Data for Name: outlets; Type: TABLE DATA; Schema: public; Owner: karimi
--

COPY public.outlets (id, name, photo_url, owner_id, description) FROM stdin;
6	Dean's Burgers	https://images.unsplash.com/photo-1487004121828-9fa15a215a7a?w=600&auto=format&fit=crop&q=60&ixlib=rb-4.0.3&ixid=M3wxMjA3fDB8MHxzZWFyY2h8MTF8fGZvb2R8ZW58MHx8MHx8fDA%3D	6	Burger burging
13	Pizza Palace	https://images.unsplash.com/photo-1513104890138-7c749659a591?w=500&auto=format&fit=crop	10	Authentic Italian pizzas made with fresh ingredients and traditional recipes.
14	Sweet Treat	https://images.unsplash.com/photo-1551024506-0bccd828d307?w=500&auto=format&fit=crop	8	Delicious desserts and pastries that will satisfy your sweet tooth.
15	Burger Haven	https://images.unsplash.com/photo-1466978913421-dad2ebd01d17?w=500&auto=format&fit=crop	11	Best burgers in town with a variety of options including vegetarian and vegan choices.
1	Alice's Diner	https://images.unsplash.com/photo-1555396273-367ea4eb4db5	1	A cozy spot serving homestyle comfort food with a touch of nostalgia.
2	Bob's Burgers	https://images.unsplash.com/photo-1565299507177-b0ac66763828	2	Big flavor, fresh ingredientsBobs Burgers does it right!
3	Tuck's Breakfast	https://images.unsplash.com/photo-1493770348161-369560ae357d?w=600&auto=format&fit=crop&q=60&ixlib=rb-4.0.3&ixid=M3wxMjA3fDB8MHxzZWFyY2h8Mnx8Zm9vZHxlbnwwfHwwfHx8MA%3D%3D	3	Serving up sunshine, one plate at a time!
4	Maxxie Sushi	https://plus.unsplash.com/premium_photo-1670601440146-3b33dfcd7e17?w=600&auto=format&fit=crop&q=60&ixlib=rb-4.0.3&ixid=M3wxMjA3fDB8MHxzZWFyY2h8NXx8Zm9vZHxlbnwwfHwwfHx8MA%3D%3D	4	Delicate, delicious, and always freshyour sushi haven!
5	Tucker's	https://images.unsplash.com/photo-1551024601-bec78aea704b?w=600&auto=format&fit=crop&q=60&ixlib=rb-4.0.3&ixid=M3wxMjA3fDB8MHxzZWFyY2h8N3x8Zm9vZHxlbnwwfHwwfHx8MA%3D%3D	4	Your go-to spot for tasty bites and warm hospitality!
7	Wellsy's Sweet Treat	https://plus.unsplash.com/premium_photo-1663858367001-89e5c92d1e0e?q=80&w=2030&auto=format&fit=crop&ixlib=rb-4.0.3&ixid=M3wxMjA3fDB8MHxwaG90by1wYWdlfHx8fGVufDB8fHx8fA%3D%3D	8	Indulge in the sweetest delights, one bite at a time!
8	Allie's Traditionals	https://media.istockphoto.com/id/1643704620/photo/braai-day-24th-september.webp?a=1&b=1&s=612x612&w=0&k=20&c=WZFCEtojMgTQDHJudJhEmmK6M7lbfTClIisMlC-etyY=	9	Bringing tradition to your table, one dish at a time!
9	Wine and Dine	https://media.istockphoto.com/id/1057497684/photo/cheers-to-this-great-thanksgiving-dinner.webp?a=1&b=1&s=612x612&w=0&k=20&c=fKkzoAGBDXeD4UPKoxL9P2erTIu_JsBYEA47VQIfbX4=	4	Where great wines meet delicious meals for a memorable dining experience.
10	Tacos and taps	https://images.unsplash.com/photo-1655604646151-8edc8746bb01?q=80&w=2070&auto=format&fit=crop&ixlib=rb-4.0.3&ixid=M3wxMjA3fDB8MHxwaG90by1wYWdlfHx8fGVufDB8fHx8fA%3D%3D	5	Perfect tacos and refreshing taps for a laid-back dining experience.
11	Bakery	https://images.unsplash.com/photo-1517093602195-b40af9688b46?w=600&auto=format&fit=crop&q=60&ixlib=rb-4.0.3&ixid=M3wxMjA3fDB8MHxzZWFyY2h8M3x8c25hY2tzfGVufDB8fDB8fHww	3	Indulge in fresh, mouthwatering pastries and breads baked with love.
12	Oreos	https://images.unsplash.com/photo-1599629974232-2365495b9ef2?w=600&auto=format&fit=crop&q=60&ixlib=rb-4.0.3&ixid=M3wxMjA3fDB8MHxzZWFyY2h8Nnx8c25hY2tzfGVufDB8fDB8fHww	6	The perfect cookie experience with a delightful mix of crunch and creamy.
34	Ginger Bread House	https://media.istockphoto.com/id/2159582042/photo/assorted-christmas-cookies-on-festive-table.webp?a=1&b=1&s=612x612&w=0&k=20&c=1XBXxn57b63R2MzSHAfk-sJkD7otJWElCwwzaSynU2s=	8	The house of ginger breads and everything
\.


--
-- Data for Name: owners; Type: TABLE DATA; Schema: public; Owner: karimi
--

COPY public.owners (id, name, email, password) FROM stdin;
1	Alice Johnson	alice@example.com	securepass
2	Bob Smith	bob@example.com	strongpass
3	Maxwell	Maxwell@gmail.com	pbkdf2:sha256:1000000$jrySTakX1JB67F1Q$527c5aec7981bc40a0af958249473ddcb791703f5ebfc2422463918c1b2c4d1f
4	maxxie	maxxie@gmail.com	pbkdf2:sha256:1000000$kLUirheYXGDUvxj7$0944ad1aa940d74f5db01912903c12d35c77df39d069e7c6944019299e06ecaa
5	Tuck	tuck@gmail.com	pbkdf2:sha256:1000000$E6BmBxf3qTFqINEj$32864c63283acaa1fdfd3627dcfec2036430b5d9a84855b601aaeec3573b316c
6	Dean	dean@gmail.com	pbkdf2:sha256:1000000$XjPLgheaXVNibrOX$de8bb4222ba96eccf9a9485dcf1cdeae442da2a40f0c18ced5c4835a8261b922
7	G.G	garrett@gmail.com	pbkdf2:sha256:1000000$jIX4o5LctoGeV1Dz$24fcbbca3a2413983334f14d192e9d72028acae3cdcf5a45b2b9f1bc7d997acd
8	Wellsy	wellsy@gmail.com	pbkdf2:sha256:1000000$InEYDJZ4Vize06va$8c65d9319fca83f7c4a873a424169116554b033e9a7b9fa3a22d04877e4d434d
9	Allie	allie@gmail.com	pbkdf2:sha256:1000000$C6Cu0U55IJyGLwSr$cc3478e6d4cd70f60c894a8d21a558245b0318010d4f53f5040d86d0d78c0852
10	blanco	blanco@gmail.com	pbkdf2:sha256:1000000$gUSWTflW95Mbwt56$fc844b753729c397e4faea1e730bc9ae8a9db17839de8f66e96340eff3ee4067
11	Mark	mark@gmail.com	pbkdf2:sha256:1000000$PrJtiMSpnBijGS6K$5978626ebf349ccb6f50239366ef71db7f8cb7cd5ebeb9007f582a4e5c383c0f
12	thursday	thursday@gmail.com	pbkdf2:sha256:1000000$Cu34qC3MVMR0ST35$93405f8210507ddc9807231afc0f699d1d6c1769d516f3b74e86f7d54ab1bdc5
13	mouse	mouse@gmail.com	pbkdf2:sha256:1000000$gjhuPCkUiIuwF8DF$ca9c54bd712669b4b933bb6f130b4a697df75f292d73e87844dcc435e5cde7a7
14	Chair	chair@gmail.com	pbkdf2:sha256:1000000$HqjWpVd32sp2FU6W$40f056d737160f44a1eecf3385c8c1617c4100e47eb34cdd3e726bcb54f0cf70
15	chaos	chaos@gmail.com	pbkdf2:sha256:1000000$AJRE41SOGVn5Un0D$b805e1139bc2bfb3ba2f2b70f0985e61cbd2202a582d3a13f0795ff5bb53a180
\.


--
-- Data for Name: table_reservations; Type: TABLE DATA; Schema: public; Owner: karimi
--

COPY public.table_reservations (id, table_name) FROM stdin;
1	Table 1
2	Table 2
3	Table 3
4	Table 4
5	Table 5
6	Table 6
7	Table 7
8	Table 8
9	Table 9
10	Table 10
11	Table 11
12	Table 12
13	Table 13
14	Table 14
15	Table 15
\.


--
-- Name: customers_id_seq; Type: SEQUENCE SET; Schema: public; Owner: karimi
--

SELECT pg_catalog.setval('public.customers_id_seq', 22, true);


--
-- Name: foods_id_seq; Type: SEQUENCE SET; Schema: public; Owner: karimi
--

SELECT pg_catalog.setval('public.foods_id_seq', 59, true);


--
-- Name: order_items_id_seq; Type: SEQUENCE SET; Schema: public; Owner: karimi
--

SELECT pg_catalog.setval('public.order_items_id_seq', 56, true);


--
-- Name: orders_id_seq; Type: SEQUENCE SET; Schema: public; Owner: karimi
--

SELECT pg_catalog.setval('public.orders_id_seq', 83, true);


--
-- Name: outlets_id_seq; Type: SEQUENCE SET; Schema: public; Owner: karimi
--

SELECT pg_catalog.setval('public.outlets_id_seq', 34, true);


--
-- Name: owners_id_seq; Type: SEQUENCE SET; Schema: public; Owner: karimi
--

SELECT pg_catalog.setval('public.owners_id_seq', 15, true);


--
-- Name: table_reservations_id_seq; Type: SEQUENCE SET; Schema: public; Owner: karimi
--

SELECT pg_catalog.setval('public.table_reservations_id_seq', 15, true);


--
-- Name: alembic_version alembic_version_pkc; Type: CONSTRAINT; Schema: public; Owner: karimi
--

ALTER TABLE ONLY public.alembic_version
    ADD CONSTRAINT alembic_version_pkc PRIMARY KEY (version_num);


--
-- Name: customers customers_email_key; Type: CONSTRAINT; Schema: public; Owner: karimi
--

ALTER TABLE ONLY public.customers
    ADD CONSTRAINT customers_email_key UNIQUE (email);


--
-- Name: customers customers_pkey; Type: CONSTRAINT; Schema: public; Owner: karimi
--

ALTER TABLE ONLY public.customers
    ADD CONSTRAINT customers_pkey PRIMARY KEY (id);


--
-- Name: foods foods_pkey; Type: CONSTRAINT; Schema: public; Owner: karimi
--

ALTER TABLE ONLY public.foods
    ADD CONSTRAINT foods_pkey PRIMARY KEY (id);


--
-- Name: order_items order_items_pkey; Type: CONSTRAINT; Schema: public; Owner: karimi
--

ALTER TABLE ONLY public.order_items
    ADD CONSTRAINT order_items_pkey PRIMARY KEY (id);


--
-- Name: orders orders_pkey; Type: CONSTRAINT; Schema: public; Owner: karimi
--

ALTER TABLE ONLY public.orders
    ADD CONSTRAINT orders_pkey PRIMARY KEY (id);


--
-- Name: outlets outlets_name_key; Type: CONSTRAINT; Schema: public; Owner: karimi
--

ALTER TABLE ONLY public.outlets
    ADD CONSTRAINT outlets_name_key UNIQUE (name);


--
-- Name: outlets outlets_pkey; Type: CONSTRAINT; Schema: public; Owner: karimi
--

ALTER TABLE ONLY public.outlets
    ADD CONSTRAINT outlets_pkey PRIMARY KEY (id);


--
-- Name: owners owners_email_key; Type: CONSTRAINT; Schema: public; Owner: karimi
--

ALTER TABLE ONLY public.owners
    ADD CONSTRAINT owners_email_key UNIQUE (email);


--
-- Name: owners owners_pkey; Type: CONSTRAINT; Schema: public; Owner: karimi
--

ALTER TABLE ONLY public.owners
    ADD CONSTRAINT owners_pkey PRIMARY KEY (id);


--
-- Name: table_reservations table_reservations_pkey; Type: CONSTRAINT; Schema: public; Owner: karimi
--

ALTER TABLE ONLY public.table_reservations
    ADD CONSTRAINT table_reservations_pkey PRIMARY KEY (id);


--
-- Name: foods foods_outlet_id_fkey; Type: FK CONSTRAINT; Schema: public; Owner: karimi
--

ALTER TABLE ONLY public.foods
    ADD CONSTRAINT foods_outlet_id_fkey FOREIGN KEY (outlet_id) REFERENCES public.outlets(id);


--
-- Name: order_items order_items_food_id_fkey; Type: FK CONSTRAINT; Schema: public; Owner: karimi
--

ALTER TABLE ONLY public.order_items
    ADD CONSTRAINT order_items_food_id_fkey FOREIGN KEY (food_id) REFERENCES public.foods(id) ON DELETE CASCADE;


--
-- Name: order_items order_items_order_id_fkey; Type: FK CONSTRAINT; Schema: public; Owner: karimi
--

ALTER TABLE ONLY public.order_items
    ADD CONSTRAINT order_items_order_id_fkey FOREIGN KEY (order_id) REFERENCES public.orders(id) ON DELETE CASCADE;


--
-- Name: order_items order_items_outlet_id_fkey; Type: FK CONSTRAINT; Schema: public; Owner: karimi
--

ALTER TABLE ONLY public.order_items
    ADD CONSTRAINT order_items_outlet_id_fkey FOREIGN KEY (outlet_id) REFERENCES public.outlets(id) ON DELETE CASCADE;


--
-- Name: order_items order_items_tablereservation_id_fkey; Type: FK CONSTRAINT; Schema: public; Owner: karimi
--

ALTER TABLE ONLY public.order_items
    ADD CONSTRAINT order_items_tablereservation_id_fkey FOREIGN KEY (tablereservation_id) REFERENCES public.table_reservations(id) ON DELETE CASCADE;


--
-- Name: orders orders_customer_id_fkey; Type: FK CONSTRAINT; Schema: public; Owner: karimi
--

ALTER TABLE ONLY public.orders
    ADD CONSTRAINT orders_customer_id_fkey FOREIGN KEY (customer_id) REFERENCES public.customers(id) ON DELETE SET NULL;


--
-- Name: orders orders_tablereservation_id_fkey; Type: FK CONSTRAINT; Schema: public; Owner: karimi
--

ALTER TABLE ONLY public.orders
    ADD CONSTRAINT orders_tablereservation_id_fkey FOREIGN KEY (tablereservation_id) REFERENCES public.table_reservations(id) ON DELETE CASCADE;


--
-- Name: outlets outlets_owner_id_fkey; Type: FK CONSTRAINT; Schema: public; Owner: karimi
--

ALTER TABLE ONLY public.outlets
    ADD CONSTRAINT outlets_owner_id_fkey FOREIGN KEY (owner_id) REFERENCES public.owners(id);


--
-- PostgreSQL database dump complete
--

